image,status,texts,raw_texts,scores,boxes,destination,note
D:\dhtx\xulyanh\dhtx-xulyanh1\input\1740193045000.jpeg,ocr_empty, | ,44AT3230199080 | 3,0.767 | 0.446,"[123, 349, 210, 378] | [137, 284, 193, 325]",D:\dhtx\xulyanh\dhtx-xulyanh1\input-not-detect-2\1740193045000.jpeg,All OCR texts are empty. Rejected raw OCR: 44AT3230199080 | 3
D:\dhtx\xulyanh\dhtx-xulyanh1\input\1740454364000.jpeg,ok,36H-03712,,0.883,"[120, 360, 221, 412]",,At least one OCR text has a valid Vietnamese plate format.
D:\dhtx\xulyanh\dhtx-xulyanh1\input\1740585665000.jpeg,ok,89C-1723,,0.774,"[124, 346, 221, 376]",,At least one OCR text has a valid Vietnamese plate format.
D:\dhtx\xulyanh\dhtx-xulyanh1\input\1740588934000.jpeg,ocr_empty,,36CD62190660,0.915,"[94, 320, 214, 387]",D:\dhtx\xulyanh\dhtx-xulyanh1\input-not-detect-2\1740588934000.jpeg,All OCR texts are empty. Rejected raw OCR: 36CD62190660
D:\dhtx\xulyanh\dhtx-xulyanh1\input\1740739498922-909582179.jpg,ok,37A-00236,,0.944,"[671, 2309, 1603, 3032]",,At least one OCR text has a valid Vietnamese plate format.
D:\dhtx\xulyanh\dhtx-xulyanh1\input\1740796691000.jpeg,ok,98EC-12231,,0.897,"[121, 355, 199, 392]",,At least one OCR text has a valid Vietnamese plate format.
D:\dhtx\xulyanh\dhtx-xulyanh1\input\1741004180000.jpeg,ok,98HN-03326,,0.954,"[107, 330, 226, 398]",,At least one OCR text has a valid Vietnamese plate format.
D:\dhtx\xulyanh\dhtx-xulyanh1\input\1741053374000.jpeg,ocr_empty,,830957,0.810,"[131, 345, 203, 386]",D:\dhtx\xulyanh\dhtx-xulyanh1\input-not-detect-2\1741053374000.jpeg,All OCR texts are empty. Rejected raw OCR: 830957
D:\dhtx\xulyanh\dhtx-xulyanh1\input\1741156140965-581803062.jpeg,ocr_empty,,2MD69341,0.869,"[110, 372, 231, 405]",D:\dhtx\xulyanh\dhtx-xulyanh1\input-not-detect-2\1741156140965-581803062.jpeg,All OCR texts are empty. Rejected raw OCR: 2MD69341
D:\dhtx\xulyanh\dhtx-xulyanh1\input\1741165526000.jpeg,ok,98CD-330.04,,0.938,"[127, 348, 210, 377]",,At least one OCR text has a valid Vietnamese plate format.
D:\dhtx\xulyanh\dhtx-xulyanh1\input\1741320839455-299673598.jpeg,ok,37H-07725,,0.956,"[94, 336, 219, 397]",,At least one OCR text has a valid Vietnamese plate format.
D:\dhtx\xulyanh\dhtx-xulyanh1\input\1741423354000.jpeg,ok,12C-05342,,0.824,"[127, 360, 205, 404]",,At least one OCR text has a valid Vietnamese plate format.
D:\dhtx\xulyanh\dhtx-xulyanh1\input\1741706974000.jpeg,ok,98BC-29184,,0.831,"[123, 343, 207, 387]",,At least one OCR text has a valid Vietnamese plate format.
D:\dhtx\xulyanh\dhtx-xulyanh1\input\1741781613000.jpeg,ok,99DD-01008,,0.685,"[113, 347, 223, 376]",,At least one OCR text has a valid Vietnamese plate format.
D:\dhtx\xulyanh\dhtx-xulyanh1\input\1741921287000.jpeg,ok,19M-4766,,0.879,"[107, 361, 193, 388]",,At least one OCR text has a valid Vietnamese plate format.
D:\dhtx\xulyanh\dhtx-xulyanh1\input\1742713801162-105587747.jpeg,ok,37H-05687,,0.898,"[116, 354, 214, 404]",,At least one OCR text has a valid Vietnamese plate format.
D:\dhtx\xulyanh\dhtx-xulyanh1\input\bien-so-xe-4.jpg,ok,73A-14953,,0.931,"[158, 203, 234, 278]",,At least one OCR text has a valid Vietnamese plate format.
D:\dhtx\xulyanh\dhtx-xulyanh1\input\bien-xanh-171169719787841623236.webp,no_plate_detected,,,,,D:\dhtx\xulyanh\dhtx-xulyanh1\input-not-detect-2\bien-xanh-171169719787841623236.webp,Pipeline returned no plate result.
D:\dhtx\xulyanh\dhtx-xulyanh1\input\can-canh.jpg,no_plate_detected,,,,,D:\dhtx\xulyanh\dhtx-xulyanh1\input-not-detect-2\can-canh.jpg,Pipeline returned no plate result.
D:\dhtx\xulyanh\dhtx-xulyanh1\input\f-1739747963358-3314439.jpg,ocr_empty,,D,0.264,"[537, 843, 842, 899]",D:\dhtx\xulyanh\dhtx-xulyanh1\input-not-detect-2\f-1739747963358-3314439.jpg,All OCR texts are empty. Rejected raw OCR: D
D:\dhtx\xulyanh\dhtx-xulyanh1\input\f-1739768992285-231630115.jpg,ok,37M-11317,,0.909,"[777, 2204, 1321, 2667]",,At least one OCR text has a valid Vietnamese plate format.
D:\dhtx\xulyanh\dhtx-xulyanh1\input\f-1739778503952-537611017.jpeg,ocr_empty,,20C270957MM,0.931,"[102, 366, 240, 405]",D:\dhtx\xulyanh\dhtx-xulyanh1\input-not-detect-2\f-1739778503952-537611017.jpeg,All OCR texts are empty. Rejected raw OCR: 20C270957MM
D:\dhtx\xulyanh\dhtx-xulyanh1\input\f-1739779984230-734201540.jpg,ok,37H-01971,,0.948,"[629, 1877, 1094, 2116]",,At least one OCR text has a valid Vietnamese plate format.
D:\dhtx\xulyanh\dhtx-xulyanh1\input\f-1739780062858-105367903.jpg,ok,29A-04325,,0.956,"[575, 843, 958, 930]",,At least one OCR text has a valid Vietnamese plate format.
D:\dhtx\xulyanh\dhtx-xulyanh1\input\f-1739780326378-592263022.jpg,ok,88C-16451,,0.937,"[847, 2220, 1364, 2494]",,At least one OCR text has a valid Vietnamese plate format.
D:\dhtx\xulyanh\dhtx-xulyanh1\input\f-1739780738363-422680263.jpeg,ok,37H-04594,,0.883,"[124, 344, 200, 386]",,At least one OCR text has a valid Vietnamese plate format.
D:\dhtx\xulyanh\dhtx-xulyanh1\input\f-1739781930915-200419991.jpeg,ok,50D-4223,,0.940,"[84, 348, 253, 392]",,At least one OCR text has a valid Vietnamese plate format.
D:\dhtx\xulyanh\dhtx-xulyanh1\input\f-1739783027081-909278294.jpg,ocr_empty,,29Z-6009,0.935,"[456, 588, 827, 668]",D:\dhtx\xulyanh\dhtx-xulyanh1\input-not-detect-2\f-1739783027081-909278294.jpg,All OCR texts are empty. Rejected raw OCR: 29Z-6009
D:\dhtx\xulyanh\dhtx-xulyanh1\input\f-1739783232861-595510309.jpg,ok,99H-02530,,0.928,"[525, 553, 767, 672]",,At least one OCR text has a valid Vietnamese plate format.
D:\dhtx\xulyanh\dhtx-xulyanh1\input\f-1739786737604-772058546.jpeg,ok,37CC-29506,,0.962,"[154, 363, 215, 381]",,At least one OCR text has a valid Vietnamese plate format.
D:\dhtx\xulyanh\dhtx-xulyanh1\input\f-1739787406441-885355957.jpeg,ok,36H-05598,,0.944,"[111, 355, 224, 410]",,At least one OCR text has a valid Vietnamese plate format.
D:\dhtx\xulyanh\dhtx-xulyanh1\input\f-1739791872926-880295133.jpg,ok,37H-02621,,0.899,"[548, 1528, 895, 1717]",,At least one OCR text has a valid Vietnamese plate format.
D:\dhtx\xulyanh\dhtx-xulyanh1\input\f-1739792080133-681609697.jpeg,ok,37H-02557,,0.903,"[55, 285, 312, 414]",,At least one OCR text has a valid Vietnamese plate format.
D:\dhtx\xulyanh\dhtx-xulyanh1\input\f-1739795030155-723950318.jpg,ok,37H-07725,,0.935,"[727, 2256, 1419, 2610]",,At least one OCR text has a valid Vietnamese plate format.
D:\dhtx\xulyanh\dhtx-xulyanh1\input\f-1739796596424-11058592.jpg,ok,34F-01266,,0.925,"[437, 909, 559, 992]",,At least one OCR text has a valid Vietnamese plate format.
D:\dhtx\xulyanh\dhtx-xulyanh1\input\f-1739801069660-76637970.jpg,ok,89C-28807,,0.928,"[538, 666, 896, 758]",,At least one OCR text has a valid Vietnamese plate format.
D:\dhtx\xulyanh\dhtx-xulyanh1\input\f-1739801493326-617409300.jpeg,ok,20C-04080,,0.850,"[115, 355, 199, 402]",,At least one OCR text has a valid Vietnamese plate format.
D:\dhtx\xulyanh\dhtx-xulyanh1\input\f-1739802132859-87851865.jpg,ok,20C-06769,,0.893,"[725, 1941, 1071, 2122]",,At least one OCR text has a valid Vietnamese plate format.
D:\dhtx\xulyanh\dhtx-xulyanh1\input\f-1739804442966-904112695.jpg,ocr_empty,,4CZ0946,0.816,"[388, 846, 510, 915]",D:\dhtx\xulyanh\dhtx-xulyanh1\input-not-detect-2\f-1739804442966-904112695.jpg,All OCR texts are empty. Rejected raw OCR: 4CZ0946
D:\dhtx\xulyanh\dhtx-xulyanh1\input\f-1739812573367-837792556.jpeg,ok,29K-02097,,0.888,"[112, 345, 230, 377]",,At least one OCR text has a valid Vietnamese plate format.
D:\dhtx\xulyanh\dhtx-xulyanh1\input\f-1739826122767-687913112.jpeg,ok,20CD-001.14,,0.874,"[108, 358, 195, 381]",,At least one OCR text has a valid Vietnamese plate format.
D:\dhtx\xulyanh\dhtx-xulyanh1\input\f-1739826138507-925375306.jpeg,ok,20CD-001.14,,0.867,"[116, 353, 214, 380]",,At least one OCR text has a valid Vietnamese plate format.
D:\dhtx\xulyanh\dhtx-xulyanh1\input\f-1739839464460-1630855.jpg,ocr_empty,,,0.940,"[925, 1341, 2284, 1689]",D:\dhtx\xulyanh\dhtx-xulyanh1\input-not-detect-2\f-1739839464460-1630855.jpg,All OCR texts are empty.
D:\dhtx\xulyanh\dhtx-xulyanh1\input\f-1739843773101-30992481.jpg,ok,37H-02657,,0.974,"[547, 2013, 1681, 2595]",,At least one OCR text has a valid Vietnamese plate format.
D:\dhtx\xulyanh\dhtx-xulyanh1\input\f-1739843963588-182227643.jpeg,ok,37K-40653,,0.848,"[120, 341, 223, 396]",,At least one OCR text has a valid Vietnamese plate format.
D:\dhtx\xulyanh\dhtx-xulyanh1\input\f-1739847601208-102047151.jpeg,ok,37HD-87500,,0.889,"[125, 353, 211, 377]",,At least one OCR text has a valid Vietnamese plate format.
D:\dhtx\xulyanh\dhtx-xulyanh1\input\f-1739850105181-277423211.jpg,ocr_empty,,A2642,0.884,"[753, 2406, 1521, 2596]",D:\dhtx\xulyanh\dhtx-xulyanh1\input-not-detect-2\f-1739850105181-277423211.jpg,All OCR texts are empty. Rejected raw OCR: A2642
D:\dhtx\xulyanh\dhtx-xulyanh1\input\f-1739851278678-170784231.jpeg,ok,30L-36185,,0.888,"[131, 342, 208, 388]",,At least one OCR text has a valid Vietnamese plate format.
D:\dhtx\xulyanh\dhtx-xulyanh1\input\f-1739852381604-52853004.jpeg,ok,36HM-03695,,0.962,"[48, 341, 276, 441]",,At least one OCR text has a valid Vietnamese plate format.
D:\dhtx\xulyanh\dhtx-xulyanh1\input\f-1739852932832-89201050.jpg,ocr_empty,,959,0.845,"[549, 1483, 894, 1577]",D:\dhtx\xulyanh\dhtx-xulyanh1\input-not-detect-2\f-1739852932832-89201050.jpg,All OCR texts are empty. Rejected raw OCR: 959
D:\dhtx\xulyanh\dhtx-xulyanh1\input\f-1739862072239-334432222.jpg,ok,30L-36185,,0.935,"[725, 1878, 1120, 2118]",,At least one OCR text has a valid Vietnamese plate format.
D:\dhtx\xulyanh\dhtx-xulyanh1\input\f-1739863197606-266832893.jpg,ocr_empty,,,0.967,"[1340, 1697, 2879, 2042]",D:\dhtx\xulyanh\dhtx-xulyanh1\input-not-detect-2\f-1739863197606-266832893.jpg,All OCR texts are empty.
D:\dhtx\xulyanh\dhtx-xulyanh1\input\f-1739866903589-302507926.jpg,ok,29H-34881,,0.921,"[609, 717, 845, 841]",,At least one OCR text has a valid Vietnamese plate format.
D:\dhtx\xulyanh\dhtx-xulyanh1\input\f-1739868142959-187916916.jpg,no_plate_detected,,,,,D:\dhtx\xulyanh\dhtx-xulyanh1\input-not-detect-2\f-1739868142959-187916916.jpg,Pipeline returned no plate result.
D:\dhtx\xulyanh\dhtx-xulyanh1\input\f-1739869057061-21564780.jpg,ok,15C-17871,,0.903,"[617, 2251, 1297, 2589]",,At least one OCR text has a valid Vietnamese plate format.
D:\dhtx\xulyanh\dhtx-xulyanh1\input\f-1739870867224-715931342.jpg,ok,89C-14290,,0.925,"[530, 646, 800, 772]",,At least one OCR text has a valid Vietnamese plate format.
D:\dhtx\xulyanh\dhtx-xulyanh1\input\f-1739891809964-963711799.jpeg,ok,37C-26485,,0.936,"[123, 355, 206, 400]",,At least one OCR text has a valid Vietnamese plate format.
D:\dhtx\xulyanh\dhtx-xulyanh1\input\f-1739895999533-333880456.jpeg,ok,29K-02101,,0.867,"[112, 347, 220, 379]",,At least one OCR text has a valid Vietnamese plate format.
D:\dhtx\xulyanh\dhtx-xulyanh1\input\f-1739897698711-521398412.jpeg,ok,29AK-10749,,0.864,"[123, 357, 219, 382]",,At least one OCR text has a valid Vietnamese plate format.
D:\dhtx\xulyanh\dhtx-xulyanh1\input\f-1739903745303-692372150.jpg,ok,29K-0210,,0.877,"[814, 2470, 1497, 2681]",,At least one OCR text has a valid Vietnamese plate format.
D:\dhtx\xulyanh\dhtx-xulyanh1\input\f-1739926348923-912246558.jpg,ok,37A-84120,,0.915,"[675, 1899, 1177, 2128]",,At least one OCR text has a valid Vietnamese plate format.
D:\dhtx\xulyanh\dhtx-xulyanh1\input\f-1739927605690-681340990.jpg,ok,15CT-62684,,0.882,"[852, 2320, 1279, 2570]",,At least one OCR text has a valid Vietnamese plate format.
D:\dhtx\xulyanh\dhtx-xulyanh1\input\f-1739932341911-249102934.jpeg,ok,72A-34993,,0.896,"[133, 334, 207, 394]",,At least one OCR text has a valid Vietnamese plate format.
D:\dhtx\xulyanh\dhtx-xulyanh1\input\f-1739932346049-778185145.jpg,ocr_empty,,0,0.672,"[297, 2172, 1815, 2508]",D:\dhtx\xulyanh\dhtx-xulyanh1\input-not-detect-2\f-1739932346049-778185145.jpg,All OCR texts are empty. Rejected raw OCR: 0
D:\dhtx\xulyanh\dhtx-xulyanh1\input\f-1739936321224-352597676.jpeg,ok,37M-08750,,0.946,"[118, 355, 229, 385]",,At least one OCR text has a valid Vietnamese plate format.
D:\dhtx\xulyanh\dhtx-xulyanh1\input\f-1739937037608-935291866.jpg,ok,98BC-27791,,0.886,"[1135, 2547, 1738, 2878]",,At least one OCR text has a valid Vietnamese plate format.
D:\dhtx\xulyanh\dhtx-xulyanh1\input\f-1739938556196-472038723.jpeg,ok,37H-03727,,0.977,"[78, 348, 211, 412]",,At least one OCR text has a valid Vietnamese plate format.
D:\dhtx\xulyanh\dhtx-xulyanh1\input\f-1739945655022-798042975.jpeg,ok,36C-21040 | , | 46,0.873 | 0.484,"[118, 343, 199, 397] | [127, 286, 180, 338]",,At least one OCR text has a valid Vietnamese plate format.
D:\dhtx\xulyanh\dhtx-xulyanh1\input\f-1739949004374-308379014.jpg,ok,37A-8125,,0.914,"[1146, 1607, 2185, 1856]",,At least one OCR text has a valid Vietnamese plate format.
D:\dhtx\xulyanh\dhtx-xulyanh1\input\f-1739954736808-244277284.jpeg,no_plate_detected,,,,,D:\dhtx\xulyanh\dhtx-xulyanh1\input-not-detect-2\f-1739954736808-244277284.jpeg,Pipeline returned no plate result.
D:\dhtx\xulyanh\dhtx-xulyanh1\input\f-1739955154426-136726596.jpg,ok,98BC-36305,,0.905,"[761, 2210, 1425, 2591]",,At least one OCR text has a valid Vietnamese plate format.
D:\dhtx\xulyanh\dhtx-xulyanh1\input\f-1739955842304-919513001.jpeg,ok,37CD-014.31,,0.895,"[105, 350, 223, 381]",,At least one OCR text has a valid Vietnamese plate format.
D:\dhtx\xulyanh\dhtx-xulyanh1\input\f-1739958737542-617228786.jpg,ocr_empty,,321922,0.844,"[662, 1946, 1140, 2059]",D:\dhtx\xulyanh\dhtx-xulyanh1\input-not-detect-2\f-1739958737542-617228786.jpg,All OCR texts are empty. Rejected raw OCR: 321922
D:\dhtx\xulyanh\dhtx-xulyanh1\input\f-1739959148127-149381793.jpg,ok,99H-02387,,0.986,"[403, 1471, 1092, 1824]",,At least one OCR text has a valid Vietnamese plate format.
D:\dhtx\xulyanh\dhtx-xulyanh1\input\f-1739962772003-237671752.jpg,ok,29K-04351,,0.946,"[868, 2308, 1436, 2478]",,At least one OCR text has a valid Vietnamese plate format.
D:\dhtx\xulyanh\dhtx-xulyanh1\input\f-1739962871186-614948156.jpg,ok,37TC-15568,,0.903,"[485, 1562, 896, 1680]",,At least one OCR text has a valid Vietnamese plate format.
D:\dhtx\xulyanh\dhtx-xulyanh1\input\f-1739971841405-292161379.jpeg,ok,29CD-005.82,,0.759,"[129, 351, 221, 410]",,At least one OCR text has a valid Vietnamese plate format.
D:\dhtx\xulyanh\dhtx-xulyanh1\input\f-1739975963862-329767371.jpeg,ok,29K-10537,,0.898,"[125, 356, 214, 405]",,At least one OCR text has a valid Vietnamese plate format.
D:\dhtx\xulyanh\dhtx-xulyanh1\input\f-1739978246398-855532410.jpeg,ok,20C-06170,,0.917,"[145, 353, 208, 392]",,At least one OCR text has a valid Vietnamese plate format.
D:\dhtx\xulyanh\dhtx-xulyanh1\input\f-1739980393743-346826864.jpg,ok,29D-20971,,0.926,"[646, 2361, 1472, 2572]",,At least one OCR text has a valid Vietnamese plate format.
D:\dhtx\xulyanh\dhtx-xulyanh1\input\f-1739981888929-316792133.jpg,ok,20D-05960,,0.950,"[573, 1959, 1243, 2139]",,At least one OCR text has a valid Vietnamese plate format.
D:\dhtx\xulyanh\dhtx-xulyanh1\input\f-1739983788444-31125282.jpeg,ok,29K-10749,,0.916,"[104, 346, 221, 379]",,At least one OCR text has a valid Vietnamese plate format.
D:\dhtx\xulyanh\dhtx-xulyanh1\input\f-1739990678254-854366785.jpg,ocr_empty,,2MD07,0.785,"[808, 2485, 1516, 2672]",D:\dhtx\xulyanh\dhtx-xulyanh1\input-not-detect-2\f-1739990678254-854366785.jpg,All OCR texts are empty. Rejected raw OCR: 2MD07
D:\dhtx\xulyanh\dhtx-xulyanh1\input\f-1739994521652-673703483.jpg,ok,29CD-043.71,,0.930,"[247, 743, 502, 862]",,At least one OCR text has a valid Vietnamese plate format.
D:\dhtx\xulyanh\dhtx-xulyanh1\input\f-1739995721703-306057877.jpeg,ok,29KT-07495,,0.890,"[117, 348, 221, 380]",,At least one OCR text has a valid Vietnamese plate format.
D:\dhtx\xulyanh\dhtx-xulyanh1\input\f-1739997486446-617185481.jpeg,ok,29KD-24107,,0.902,"[116, 351, 217, 381]",,At least one OCR text has a valid Vietnamese plate format.
D:\dhtx\xulyanh\dhtx-xulyanh1\input\f-1740008030527-457025986.jpg,ok,29K-10537,,0.929,"[1010, 2318, 1325, 2506]",,At least one OCR text has a valid Vietnamese plate format.
D:\dhtx\xulyanh\dhtx-xulyanh1\input\f-1740008616564-489797165.jpeg,ocr_empty,,88BC7C19771,0.901,"[129, 353, 221, 405]",D:\dhtx\xulyanh\dhtx-xulyanh1\input-not-detect-2\f-1740008616564-489797165.jpeg,All OCR texts are empty. Rejected raw OCR: 88BC7C19771
D:\dhtx\xulyanh\dhtx-xulyanh1\input\f-1740012737145-809223191.jpeg,ok,37H-09040,,0.980,"[86, 333, 258, 411]",,At least one OCR text has a valid Vietnamese plate format.
D:\dhtx\xulyanh\dhtx-xulyanh1\input\f-1740013219771-545583527.jpeg,ok,37HD-07813,,0.801,"[115, 352, 201, 375]",,At least one OCR text has a valid Vietnamese plate format.
D:\dhtx\xulyanh\dhtx-xulyanh1\input\f-1740014695536-457799462.jpeg,ok,37M-0751,,0.970,"[101, 332, 250, 404]",,At least one OCR text has a valid Vietnamese plate format.
D:\dhtx\xulyanh\dhtx-xulyanh1\input\f-1740014944433-377224875.jpeg,ok,36H-05598,,0.927,"[133, 359, 197, 394]",,At least one OCR text has a valid Vietnamese plate format.
D:\dhtx\xulyanh\dhtx-xulyanh1\input\f-1740015753716-235083007.jpeg,ok,37C-31258,,0.898,"[132, 356, 202, 404]",,At least one OCR text has a valid Vietnamese plate format.
D:\dhtx\xulyanh\dhtx-xulyanh1\input\f-1740016596459-109273551.jpg,ok,37D-1971,,0.948,"[795, 2266, 1328, 2554]",,At least one OCR text has a valid Vietnamese plate format.
D:\dhtx\xulyanh\dhtx-xulyanh1\input\f-1740021968477-213131424.jpg,ocr_empty,,315644,0.933,"[632, 1941, 1188, 2063]",D:\dhtx\xulyanh\dhtx-xulyanh1\input-not-detect-2\f-1740021968477-213131424.jpg,All OCR texts are empty. Rejected raw OCR: 315644
D:\dhtx\xulyanh\dhtx-xulyanh1\input\f-1740022167005-611964849.jpg,ok,37H-01632,,0.930,"[875, 2279, 1315, 2532]",,At least one OCR text has a valid Vietnamese plate format.
D:\dhtx\xulyanh\dhtx-xulyanh1\input\f-1740022197364-739638721.jpeg,no_plate_detected,,,,,D:\dhtx\xulyanh\dhtx-xulyanh1\input-not-detect-2\f-1740022197364-739638721.jpeg,Pipeline returned no plate result.
D:\dhtx\xulyanh\dhtx-xulyanh1\input\f-1740025707539-401121817.jpg,ok,37H-02657,,0.949,"[926, 2405, 1459, 2677]",,At least one OCR text has a valid Vietnamese plate format.
D:\dhtx\xulyanh\dhtx-xulyanh1\input\f-1740027777555-263820137.jpg,ok,37D-33266,,0.880,"[909, 2362, 1509, 2778]",,At least one OCR text has a valid Vietnamese plate format.
D:\dhtx\xulyanh\dhtx-xulyanh1\input\f-1740028074708-707600768.jpeg,ocr_empty,,22ZC7H05999,0.920,"[135, 348, 222, 390]",D:\dhtx\xulyanh\dhtx-xulyanh1\input-not-detect-2\f-1740028074708-707600768.jpeg,All OCR texts are empty. Rejected raw OCR: 22ZC7H05999
D:\dhtx\xulyanh\dhtx-xulyanh1\input\f-1740033103435-940162371.jpg,ok,29D-5910,,0.970,"[414, 1591, 1041, 1753]",,At least one OCR text has a valid Vietnamese plate format.
D:\dhtx\xulyanh\dhtx-xulyanh1\input\f-1740033524677-148690496.jpg,ok,37MH-02657,,0.899,"[832, 2369, 1406, 2655]",,At least one OCR text has a valid Vietnamese plate format.
D:\dhtx\xulyanh\dhtx-xulyanh1\input\f-1740035328435-379419747.jpg,ok,37ND-26857,,0.884,"[928, 2406, 1610, 2745]",,At least one OCR text has a valid Vietnamese plate format.
D:\dhtx\xulyanh\dhtx-xulyanh1\input\f-1740035511114-795839531.jpeg,ok,36CA-52623,,0.823,"[106, 350, 223, 386]",,At least one OCR text has a valid Vietnamese plate format.
D:\dhtx\xulyanh\dhtx-xulyanh1\input\f-1740036135547-856237341.jpg,ok,29X-04351,,0.886,"[778, 2305, 1321, 2461]",,At least one OCR text has a valid Vietnamese plate format.
D:\dhtx\xulyanh\dhtx-xulyanh1\input\f-1740038814142-820840998.jpg,ok,37H-04588,,0.906,"[848, 2420, 1472, 2745]",,At least one OCR text has a valid Vietnamese plate format.
D:\dhtx\xulyanh\dhtx-xulyanh1\input\f-1740039150477-61157375.jpg,ok,37K-37651,,0.822,"[784, 2352, 1380, 2510]",,At least one OCR text has a valid Vietnamese plate format.
D:\dhtx\xulyanh\dhtx-xulyanh1\input\f-1740040344512-175152129.jpg,ok,37H-02657,,0.864,"[893, 2428, 1549, 2766]",,At least one OCR text has a valid Vietnamese plate format.
D:\dhtx\xulyanh\dhtx-xulyanh1\input\f-1740040620697-272018393.jpeg,ok,37H-05510,,0.897,"[119, 350, 205, 395]",,At least one OCR text has a valid Vietnamese plate format.
D:\dhtx\xulyanh\dhtx-xulyanh1\input\f-1740043430648-184903797.jpeg,ok,37H-05999,,0.911,"[122, 328, 219, 378]",,At least one OCR text has a valid Vietnamese plate format.
D:\dhtx\xulyanh\dhtx-xulyanh1\input\f-1740045909123-356838845.jpg,ok,37H-04506,,0.883,"[667, 1894, 1053, 2101]",,At least one OCR text has a valid Vietnamese plate format.
D:\dhtx\xulyanh\dhtx-xulyanh1\input\f-1740049483353-2898180.jpg,ok,15C-30370,,0.929,"[944, 2414, 1428, 2688]",,At least one OCR text has a valid Vietnamese plate format.
D:\dhtx\xulyanh\dhtx-xulyanh1\input\f-1740051652686-930472905.jpg,ok,20C-06782,,0.924,"[648, 1949, 1104, 2189]",,At least one OCR text has a valid Vietnamese plate format.
D:\dhtx\xulyanh\dhtx-xulyanh1\input\f-1740054773868-951235010.jpg,ocr_empty,,29C9000588,0.937,"[597, 523, 853, 647]",D:\dhtx\xulyanh\dhtx-xulyanh1\input-not-detect-2\f-1740054773868-951235010.jpg,All OCR texts are empty. Rejected raw OCR: 29C9000588
D:\dhtx\xulyanh\dhtx-xulyanh1\input\f-1740055566693-874752765.jpg,ok,99H-00404,,0.935,"[344, 835, 472, 911]",,At least one OCR text has a valid Vietnamese plate format.
D:\dhtx\xulyanh\dhtx-xulyanh1\input\f-1740056562309-130694490.jpg,ok,98H-03233,,0.882,"[535, 724, 672, 811]",,At least one OCR text has a valid Vietnamese plate format.
D:\dhtx\xulyanh\dhtx-xulyanh1\input\f-1740062144036-46269371.jpg,ok,29DA-33572,,0.919,"[696, 2253, 1511, 2474]",,At least one OCR text has a valid Vietnamese plate format.
D:\dhtx\xulyanh\dhtx-xulyanh1\input\f-1740063274172-297480621.jpeg,ocr_empty,,74085,0.943,"[91, 349, 225, 387]",D:\dhtx\xulyanh\dhtx-xulyanh1\input-not-detect-2\f-1740063274172-297480621.jpeg,All OCR texts are empty. Rejected raw OCR: 74085
D:\dhtx\xulyanh\dhtx-xulyanh1\input\f-1740066998102-739464479.jpg,ok,29A-02399,,0.981,"[325, 2177, 1846, 2544]",,At least one OCR text has a valid Vietnamese plate format.
D:\dhtx\xulyanh\dhtx-xulyanh1\input\f-1740069198169-948856739.jpg,no_plate_detected,,,,,D:\dhtx\xulyanh\dhtx-xulyanh1\input-not-detect-2\f-1740069198169-948856739.jpg,Pipeline returned no plate result.
D:\dhtx\xulyanh\dhtx-xulyanh1\input\f-1740070237853-832442285.jpeg,ok,29D-2097,,0.951,"[33, 346, 307, 399]",,At least one OCR text has a valid Vietnamese plate format.
D:\dhtx\xulyanh\dhtx-xulyanh1\input\f-1740072407526-709478013.jpeg,ocr_empty,,290240,0.951,"[18, 346, 288, 401]",D:\dhtx\xulyanh\dhtx-xulyanh1\input-not-detect-2\f-1740072407526-709478013.jpeg,All OCR texts are empty. Rejected raw OCR: 290240
D:\dhtx\xulyanh\dhtx-xulyanh1\input\f-1740099319723-912694094.jpg,ocr_empty,,373972,0.865,"[681, 2322, 1502, 2569]",D:\dhtx\xulyanh\dhtx-xulyanh1\input-not-detect-2\f-1740099319723-912694094.jpg,All OCR texts are empty. Rejected raw OCR: 373972
D:\dhtx\xulyanh\dhtx-xulyanh1\input\f-1740104497157-394572557.jpg,ocr_empty,,A,0.890,"[658, 2328, 1374, 2545]",D:\dhtx\xulyanh\dhtx-xulyanh1\input-not-detect-2\f-1740104497157-394572557.jpg,All OCR texts are empty. Rejected raw OCR: A
D:\dhtx\xulyanh\dhtx-xulyanh1\input\f-1740104997985-955332942.jpeg,ok,90C-13016,,0.925,"[108, 351, 219, 412]",,At least one OCR text has a valid Vietnamese plate format.
D:\dhtx\xulyanh\dhtx-xulyanh1\input\f-1740105467449-566932034.jpg,ok,37HD-45888,,0.614,"[1133, 2469, 1333, 2589]",,At least one OCR text has a valid Vietnamese plate format.
D:\dhtx\xulyanh\dhtx-xulyanh1\input\f-1740105486299-860779979.jpeg,ok,37H-0458,,0.924,"[136, 343, 210, 384]",,At least one OCR text has a valid Vietnamese plate format.
D:\dhtx\xulyanh\dhtx-xulyanh1\input\f-1740110092705-153062372.jpeg,ok,37CC-20788,,0.897,"[126, 354, 209, 401]",,At least one OCR text has a valid Vietnamese plate format.
D:\dhtx\xulyanh\dhtx-xulyanh1\input\f-1740111030559-455357277.jpeg,ok,37H-03941,,0.942,"[115, 347, 237, 406]",,At least one OCR text has a valid Vietnamese plate format.
D:\dhtx\xulyanh\dhtx-xulyanh1\input\f-1740111913554-732273503.jpeg,ocr_empty,,37K219622,0.883,"[117, 344, 218, 368]",D:\dhtx\xulyanh\dhtx-xulyanh1\input-not-detect-2\f-1740111913554-732273503.jpeg,All OCR texts are empty. Rejected raw OCR: 37K219622
D:\dhtx\xulyanh\dhtx-xulyanh1\input\f-1740114285755-677397496.jpeg,ok,37N-01617,,0.666,"[146, 352, 186, 376]",,At least one OCR text has a valid Vietnamese plate format.
D:\dhtx\xulyanh\dhtx-xulyanh1\input\f-1740115253750-962684652.jpg,ok,37H-04588,,0.925,"[540, 1512, 959, 1742]",,At least one OCR text has a valid Vietnamese plate format.
D:\dhtx\xulyanh\dhtx-xulyanh1\input\f-1740116997407-903658116.jpeg,ok,29ED-26611,,0.911,"[111, 359, 226, 418]",,At least one OCR text has a valid Vietnamese plate format.
D:\dhtx\xulyanh\dhtx-xulyanh1\input\f-1740118411297-923364126.jpeg,ok,15C-05813,,0.922,"[116, 337, 217, 391]",,At least one OCR text has a valid Vietnamese plate format.
D:\dhtx\xulyanh\dhtx-xulyanh1\input\f-1740119203115-622372049.jpeg,ocr_empty,,67C563M0,0.755,"[122, 355, 198, 379]",D:\dhtx\xulyanh\dhtx-xulyanh1\input-not-detect-2\f-1740119203115-622372049.jpeg,All OCR texts are empty. Rejected raw OCR: 67C563M0
D:\dhtx\xulyanh\dhtx-xulyanh1\input\f-1740119731044-485792525.jpg,ok,90C-13016,,0.948,"[1016, 829, 1618, 1122]",,At least one OCR text has a valid Vietnamese plate format.
D:\dhtx\xulyanh\dhtx-xulyanh1\input\f-1740124056755-286017483.jpg,ocr_empty,,7M,0.884,"[681, 2239, 1365, 2451]",D:\dhtx\xulyanh\dhtx-xulyanh1\input-not-detect-2\f-1740124056755-286017483.jpg,All OCR texts are empty. Rejected raw OCR: 7M
D:\dhtx\xulyanh\dhtx-xulyanh1\input\f-1740125749933-257039242.jpeg,ok,37H-05999,,0.907,"[126, 353, 215, 403]",,At least one OCR text has a valid Vietnamese plate format.
D:\dhtx\xulyanh\dhtx-xulyanh1\input\f-1740126231555-659284471.jpeg,ok,37H-01617,,0.920,"[127, 357, 210, 402]",,At least one OCR text has a valid Vietnamese plate format.
D:\dhtx\xulyanh\dhtx-xulyanh1\input\f-1740126774166-70724201.jpeg,ok,37C-19771,,0.912,"[116, 356, 206, 405]",,At least one OCR text has a valid Vietnamese plate format.
D:\dhtx\xulyanh\dhtx-xulyanh1\input\f-1740127839381-303864424.jpg,ok,37C-48875,,0.875,"[491, 1566, 925, 1682]",,At least one OCR text has a valid Vietnamese plate format.
D:\dhtx\xulyanh\dhtx-xulyanh1\input\f-1740128708641-805911493.jpeg,ok,98BD-00726,,0.894,"[107, 367, 229, 404]",,At least one OCR text has a valid Vietnamese plate format.
D:\dhtx\xulyanh\dhtx-xulyanh1\input\f-1740129851653-962002273.jpg,ok,37T-9771,,0.930,"[830, 2303, 1336, 2594]",,At least one OCR text has a valid Vietnamese plate format.
D:\dhtx\xulyanh\dhtx-xulyanh1\input\f-1740130144455-203100596.jpeg,ok,15C-30370,,0.919,"[118, 336, 220, 388]",,At least one OCR text has a valid Vietnamese plate format.
D:\dhtx\xulyanh\dhtx-xulyanh1\input\f-1740131109256-877269925.jpg,ok,37C-20568,,0.929,"[1357, 2175, 1957, 2483]",,At least one OCR text has a valid Vietnamese plate format.
D:\dhtx\xulyanh\dhtx-xulyanh1\input\f-1740131129831-751134503.jpeg,ok,35H-02056,,0.892,"[108, 334, 220, 392]",,At least one OCR text has a valid Vietnamese plate format.
D:\dhtx\xulyanh\dhtx-xulyanh1\input\f-1740131577960-204344702.jpg,ok,29T-0971,,0.946,"[796, 2480, 1629, 2691]",,At least one OCR text has a valid Vietnamese plate format.
D:\dhtx\xulyanh\dhtx-xulyanh1\input\f-1740132671807-432672854.jpg,ok,37CD-001.43,,0.899,"[753, 2354, 1350, 2521]",,At least one OCR text has a valid Vietnamese plate format.
D:\dhtx\xulyanh\dhtx-xulyanh1\input\f-1740132912813-295609816.jpeg,ok,35H-02177,,0.929,"[116, 351, 207, 404]",,At least one OCR text has a valid Vietnamese plate format.
D:\dhtx\xulyanh\dhtx-xulyanh1\input\f-1740134684953-243667423.jpeg,ok,34C-20886,,0.941,"[96, 363, 210, 420]",,At least one OCR text has a valid Vietnamese plate format.
D:\dhtx\xulyanh\dhtx-xulyanh1\input\f-1740136267687-492183148.jpg,ok,24CT-07428,,0.970,"[496, 474, 862, 650]",,At least one OCR text has a valid Vietnamese plate format.
D:\dhtx\xulyanh\dhtx-xulyanh1\input\f-1740139947778-542606618.jpg,ok,29A-02101,,0.933,"[521, 2168, 1709, 2476]",,At least one OCR text has a valid Vietnamese plate format.
D:\dhtx\xulyanh\dhtx-xulyanh1\input\f-1740145658491-147630167.jpg,ok,37T-12188 | , | ,0.835 | 0.512,"[389, 902, 663, 982] | [0, 905, 147, 1029]",,At least one OCR text has a valid Vietnamese plate format.
D:\dhtx\xulyanh\dhtx-xulyanh1\input\f-1740149103974-343719819.jpg,ocr_empty,,20DT14838N,0.818,"[635, 2304, 1454, 2497]",D:\dhtx\xulyanh\dhtx-xulyanh1\input-not-detect-2\f-1740149103974-343719819.jpg,All OCR texts are empty. Rejected raw OCR: 20DT14838N
D:\dhtx\xulyanh\dhtx-xulyanh1\input\f-1740158679902-532395109.jpeg,ok,29D-4065,,0.953,"[74, 348, 262, 395]",,At least one OCR text has a valid Vietnamese plate format.
D:\dhtx\xulyanh\dhtx-xulyanh1\input\f-1740160764017-693062374.jpg,ok,89CD-002.13,,0.870,"[260, 280, 449, 329]",,At least one OCR text has a valid Vietnamese plate format.
D:\dhtx\xulyanh\dhtx-xulyanh1\input\f-1740162361150-793394303.jpg,ok,29D-4065 | , | ,0.805 | 0.505,"[521, 2287, 1505, 2542] | [849, 1958, 1574, 2291]",,At least one OCR text has a valid Vietnamese plate format.
D:\dhtx\xulyanh\dhtx-xulyanh1\input\f-1740162482976-116528076.jpeg,ok,37T-0368,,0.414,"[6, 331, 295, 415]",,At least one OCR text has a valid Vietnamese plate format.
D:\dhtx\xulyanh\dhtx-xulyanh1\input\f-1740164574246-977902917.jpeg,ok,34C-20960,,0.731,"[122, 345, 201, 385]",,At least one OCR text has a valid Vietnamese plate format.
D:\dhtx\xulyanh\dhtx-xulyanh1\input\f-1740186565280-832962762.jpeg,ocr_empty,,94AC7H05999,0.935,"[139, 346, 201, 381]",D:\dhtx\xulyanh\dhtx-xulyanh1\input-not-detect-2\f-1740186565280-832962762.jpeg,All OCR texts are empty. Rejected raw OCR: 94AC7H05999
D:\dhtx\xulyanh\dhtx-xulyanh1\input\f-1740189593732-884894444.jpeg,ocr_empty,,44BC73C27197,0.920,"[130, 360, 207, 407]",D:\dhtx\xulyanh\dhtx-xulyanh1\input-not-detect-2\f-1740189593732-884894444.jpeg,All OCR texts are empty. Rejected raw OCR: 44BC73C27197
D:\dhtx\xulyanh\dhtx-xulyanh1\input\f-1740192729641-810744087.jpeg,ok,37C-20667,,0.908,"[105, 351, 226, 412]",,At least one OCR text has a valid Vietnamese plate format.
D:\dhtx\xulyanh\dhtx-xulyanh1\input\f-1740193889412-591207342.jpg,ocr_empty,,89MD4516P,0.879,"[463, 1542, 926, 1661]",D:\dhtx\xulyanh\dhtx-xulyanh1\input-not-detect-2\f-1740193889412-591207342.jpg,All OCR texts are empty. Rejected raw OCR: 89MD4516P
D:\dhtx\xulyanh\dhtx-xulyanh1\input\f-1740194020807-863062735.jpg,ok,37H-02621,,0.831,"[715, 2283, 1290, 2583]",,At least one OCR text has a valid Vietnamese plate format.
D:\dhtx\xulyanh\dhtx-xulyanh1\input\f-1740208143939-323061886.jpg,ocr_empty,,5045,0.936,"[82, 1093, 849, 1274]",D:\dhtx\xulyanh\dhtx-xulyanh1\input-not-detect-2\f-1740208143939-323061886.jpg,All OCR texts are empty. Rejected raw OCR: 5045
D:\dhtx\xulyanh\dhtx-xulyanh1\input\f-1740208607848-709862228.jpg,ocr_empty,,372B4,0.925,"[238, 1148, 859, 1289]",D:\dhtx\xulyanh\dhtx-xulyanh1\input-not-detect-2\f-1740208607848-709862228.jpg,All OCR texts are empty. Rejected raw OCR: 372B4
D:\dhtx\xulyanh\dhtx-xulyanh1\input\f-1740209745170-297087094.jpeg,ok,29XK-2422,,0.927,"[71, 345, 263, 384]",,At least one OCR text has a valid Vietnamese plate format.
D:\dhtx\xulyanh\dhtx-xulyanh1\input\f-1740211623725-847677033.jpg,ok,37MH-02621,,0.921,"[843, 2297, 1327, 2558]",,At least one OCR text has a valid Vietnamese plate format.
D:\dhtx\xulyanh\dhtx-xulyanh1\input\f-1740217083465-462225277.jpg,ok,37F-00594,,0.922,"[972, 2421, 1463, 2705]",,At least one OCR text has a valid Vietnamese plate format.
D:\dhtx\xulyanh\dhtx-xulyanh1\input\f-1740222807241-116434987.jpg,ok,37C-26432,,0.976,"[606, 2086, 1654, 2637]",,At least one OCR text has a valid Vietnamese plate format.
D:\dhtx\xulyanh\dhtx-xulyanh1\input\f-1740225568582-911620931.jpg,ok,36H-03712,,0.926,"[589, 691, 849, 827]",,At least one OCR text has a valid Vietnamese plate format.
D:\dhtx\xulyanh\dhtx-xulyanh1\input\f-1740227246279-672329573.jpg,ocr_empty, |  |  | ,MMM0 | 6MM9111 | D | 60,0.906 | 0.449 | 0.335 | 0.299,"[552, 577, 989, 684] | [617, 184, 912, 406] | [397, 619, 540, 705] | [962, 605, 1096, 679]",D:\dhtx\xulyanh\dhtx-xulyanh1\input-not-detect-2\f-1740227246279-672329573.jpg,All OCR texts are empty. Rejected raw OCR: MMM0 | 6MM9111 | D | 60
D:\dhtx\xulyanh\dhtx-xulyanh1\input\f-1740227448480-206235652.jpg,ocr_empty,,M,0.716,"[450, 456, 1022, 592]",D:\dhtx\xulyanh\dhtx-xulyanh1\input-not-detect-2\f-1740227448480-206235652.jpg,All OCR texts are empty. Rejected raw OCR: M
D:\dhtx\xulyanh\dhtx-xulyanh1\input\f-1740227586453-596270065.jpg,ocr_empty,,49A442E,0.819,"[561, 466, 1031, 705]",D:\dhtx\xulyanh\dhtx-xulyanh1\input-not-detect-2\f-1740227586453-596270065.jpg,All OCR texts are empty. Rejected raw OCR: 49A442E
D:\dhtx\xulyanh\dhtx-xulyanh1\input\f-1740228294454-761273732.jpeg,ok,29T-0749,,0.449,"[14, 335, 317, 403]",,At least one OCR text has a valid Vietnamese plate format.
D:\dhtx\xulyanh\dhtx-xulyanh1\input\f-1740228475329-1465176.jpeg,ocr_empty,,4NAA429K04351M233313MM2XKKK,0.912,"[103, 360, 230, 395]",D:\dhtx\xulyanh\dhtx-xulyanh1\input-not-detect-2\f-1740228475329-1465176.jpeg,All OCR texts are empty. Rejected raw OCR: 4NAA429K04351M233313MM2XKKK
D:\dhtx\xulyanh\dhtx-xulyanh1\input\f-1740228811790-121253599.jpg,no_plate_detected,,,,,D:\dhtx\xulyanh\dhtx-xulyanh1\input-not-detect-2\f-1740228811790-121253599.jpg,Pipeline returned no plate result.
D:\dhtx\xulyanh\dhtx-xulyanh1\input\f-1740231675118-977510916.jpeg,ok,34C-20963,,0.854,"[132, 371, 196, 405]",,At least one OCR text has a valid Vietnamese plate format.
D:\dhtx\xulyanh\dhtx-xulyanh1\input\f-1740231682756-213066795.jpg,ok,98CD-307.92,,0.894,"[438, 1027, 615, 1133]",,At least one OCR text has a valid Vietnamese plate format.
D:\dhtx\xulyanh\dhtx-xulyanh1\input\f-1740231816845-15939985.jpeg,ocr_empty,,34Z-0946,0.957,"[101, 362, 224, 426]",D:\dhtx\xulyanh\dhtx-xulyanh1\input-not-detect-2\f-1740231816845-15939985.jpeg,All OCR texts are empty. Rejected raw OCR: 34Z-0946
D:\dhtx\xulyanh\dhtx-xulyanh1\input\f-1740231919011-376988928.jpg,ok,98C-30792 | , | ,0.895 | 0.272,"[534, 618, 724, 728] | [1118, 0, 1279, 176]",,At least one OCR text has a valid Vietnamese plate format.
D:\dhtx\xulyanh\dhtx-xulyanh1\input\f-1740232057751-414744923.jpg,ok,29C-80600,,0.873,"[561, 720, 770, 832]",,At least one OCR text has a valid Vietnamese plate format.
D:\dhtx\xulyanh\dhtx-xulyanh1\input\f-1740234516057-908793508.jpg,ocr_empty,,027M084,0.964,"[369, 2501, 1722, 2811]",D:\dhtx\xulyanh\dhtx-xulyanh1\input-not-detect-2\f-1740234516057-908793508.jpg,All OCR texts are empty. Rejected raw OCR: 027M084
D:\dhtx\xulyanh\dhtx-xulyanh1\input\f-1740234727573-114874577.jpg,ok,37C-36509 | , | M,0.913 | 0.320,"[420, 665, 563, 709] | [0, 388, 84, 473]",,At least one OCR text has a valid Vietnamese plate format.
D:\dhtx\xulyanh\dhtx-xulyanh1\input\f-1740238352914-863538174.jpeg,ok,29K-04351,,0.912,"[110, 351, 230, 383]",,At least one OCR text has a valid Vietnamese plate format.
D:\dhtx\xulyanh\dhtx-xulyanh1\input\f-1740249080252-343864523.jpeg,ok,29T-0749,,0.974,"[66, 353, 269, 402]",,At least one OCR text has a valid Vietnamese plate format.
D:\dhtx\xulyanh\dhtx-xulyanh1\input\f-1740271910873-69919893.jpg,ocr_empty,,73155,0.918,"[556, 1977, 1246, 2158]",D:\dhtx\xulyanh\dhtx-xulyanh1\input-not-detect-2\f-1740271910873-69919893.jpg,All OCR texts are empty. Rejected raw OCR: 73155
D:\dhtx\xulyanh\dhtx-xulyanh1\input\f-1740274026353-434320129.jpeg,ocr_empty,,990057,0.937,"[95, 367, 229, 407]",D:\dhtx\xulyanh\dhtx-xulyanh1\input-not-detect-2\f-1740274026353-434320129.jpeg,All OCR texts are empty. Rejected raw OCR: 990057
D:\dhtx\xulyanh\dhtx-xulyanh1\input\f-1740280176627-595268958.jpg,ok,37H-03606,,0.886,"[808, 2213, 1455, 2585]",,At least one OCR text has a valid Vietnamese plate format.
D:\dhtx\xulyanh\dhtx-xulyanh1\input\f-1740285101674-448301520.jpg,ok,15H-01797,,0.983,"[569, 2150, 1424, 2567]",,At least one OCR text has a valid Vietnamese plate format.
D:\dhtx\xulyanh\dhtx-xulyanh1\input\f-1740296877331-208870373.jpeg,ok,37G-00160,,0.933,"[125, 347, 216, 394]",,At least one OCR text has a valid Vietnamese plate format.
D:\dhtx\xulyanh\dhtx-xulyanh1\input\f-1740299244622-157068163.jpg,ok,37A-84120,,0.891,"[824, 2024, 1150, 2199]",,At least one OCR text has a valid Vietnamese plate format.
D:\dhtx\xulyanh\dhtx-xulyanh1\input\f-1740300386635-139889985.jpeg,ok,36C-07298,,0.932,"[124, 358, 202, 379]",,At least one OCR text has a valid Vietnamese plate format.
D:\dhtx\xulyanh\dhtx-xulyanh1\input\f-1740300934211-811769024.jpg,ok,37CC-42428,,0.951,"[633, 2112, 1552, 2571]",,At least one OCR text has a valid Vietnamese plate format.
D:\dhtx\xulyanh\dhtx-xulyanh1\input\f-1740310839442-947374958.jpg,ocr_empty,,M56,0.910,"[600, 657, 880, 749]",D:\dhtx\xulyanh\dhtx-xulyanh1\input-not-detect-2\f-1740310839442-947374958.jpg,All OCR texts are empty. Rejected raw OCR: M56
D:\dhtx\xulyanh\dhtx-xulyanh1\input\f-1740312445446-340381790.jpg,ok,29H-85270,,0.886,"[247, 929, 405, 1017]",,At least one OCR text has a valid Vietnamese plate format.
D:\dhtx\xulyanh\dhtx-xulyanh1\input\f-1740312612757-499450513.jpg,ok,99D-21978 | , | ,0.979 | 0.289,"[569, 548, 853, 704] | [943, 624, 1075, 705]",,At least one OCR text has a valid Vietnamese plate format.
D:\dhtx\xulyanh\dhtx-xulyanh1\input\f-1740313340682-130536425.jpg,ok,29CD-005.82,,0.561,"[850, 2283, 1879, 2649]",,At least one OCR text has a valid Vietnamese plate format.
D:\dhtx\xulyanh\dhtx-xulyanh1\input\f-1740320145927-840771203.jpg,ok,34C-11405,,0.938,"[505, 870, 611, 948]",,At least one OCR text has a valid Vietnamese plate format.
D:\dhtx\xulyanh\dhtx-xulyanh1\input\f-1740325397888-630669352.jpeg,ok,29H-85001,,0.864,"[131, 368, 214, 419]",,At least one OCR text has a valid Vietnamese plate format.
D:\dhtx\xulyanh\dhtx-xulyanh1\input\f-1740328998858-894214075.jpg,ocr_empty,,98BC0000108,0.921,"[132, 259, 802, 634]",D:\dhtx\xulyanh\dhtx-xulyanh1\input-not-detect-2\f-1740328998858-894214075.jpg,All OCR texts are empty. Rejected raw OCR: 98BC0000108
D:\dhtx\xulyanh\dhtx-xulyanh1\input\f-1740337354493-331041726.jpg,ok,29D-2101,,0.905,"[730, 2327, 1576, 2547]",,At least one OCR text has a valid Vietnamese plate format.
D:\dhtx\xulyanh\dhtx-xulyanh1\input\f-1740356561665-189834656.jpeg,ok,36A-9173,,0.884,"[114, 356, 224, 386]",,At least one OCR text has a valid Vietnamese plate format.
D:\dhtx\xulyanh\dhtx-xulyanh1\input\f-1740358540577-210142409.jpg,ok,37M-03941,,0.984,"[416, 1989, 1758, 2682]",,At least one OCR text has a valid Vietnamese plate format.
D:\dhtx\xulyanh\dhtx-xulyanh1\input\f-1740359364393-990265941.jpeg,no_plate_detected,,,,,D:\dhtx\xulyanh\dhtx-xulyanh1\input-not-detect-2\f-1740359364393-990265941.jpeg,Pipeline returned no plate result.
D:\dhtx\xulyanh\dhtx-xulyanh1\input\f-1740359364965-393445623.jpg,no_plate_detected,,,,,D:\dhtx\xulyanh\dhtx-xulyanh1\input-not-detect-2\f-1740359364965-393445623.jpg,Pipeline returned no plate result.
D:\dhtx\xulyanh\dhtx-xulyanh1\input\f-1740359966012-88978134.jpg,ok,37C-19815,,0.960,"[500, 2119, 1579, 2569]",,At least one OCR text has a valid Vietnamese plate format.
D:\dhtx\xulyanh\dhtx-xulyanh1\input\f-1740361362623-324164858.jpg,no_plate_detected,,,,,D:\dhtx\xulyanh\dhtx-xulyanh1\input-not-detect-2\f-1740361362623-324164858.jpg,Pipeline returned no plate result.
D:\dhtx\xulyanh\dhtx-xulyanh1\input\f-1740362788382-218709724.jpeg,ok,36C-49173,,0.817,"[128, 359, 219, 385]",,At least one OCR text has a valid Vietnamese plate format.
D:\dhtx\xulyanh\dhtx-xulyanh1\input\f-1740369631469-94212528.jpg,ok,37H-02657 | , | ,0.973 | 0.655,"[523, 2194, 1413, 2639] | [1500, 2145, 1902, 2373]",,At least one OCR text has a valid Vietnamese plate format.
D:\dhtx\xulyanh\dhtx-xulyanh1\input\f-1740371435837-826854147.jpg,ocr_empty,,88BC00162M,0.908,"[284, 3441, 1012, 3794]",D:\dhtx\xulyanh\dhtx-xulyanh1\input-not-detect-2\f-1740371435837-826854147.jpg,All OCR texts are empty. Rejected raw OCR: 88BC00162M
D:\dhtx\xulyanh\dhtx-xulyanh1\input\f-1740379413466-544593003.jpg,ok,37MH-03727,,0.931,"[739, 2307, 1336, 2596]",,At least one OCR text has a valid Vietnamese plate format.
D:\dhtx\xulyanh\dhtx-xulyanh1\input\f-1740383741742-298332711.jpeg,ok,15C-05659,,0.979,"[74, 332, 263, 412]",,At least one OCR text has a valid Vietnamese plate format.
D:\dhtx\xulyanh\dhtx-xulyanh1\input\f-1740385301183-172317371.jpg,ok,37C-52734,,0.776,"[1356, 2448, 1957, 2678]",,At least one OCR text has a valid Vietnamese plate format.
D:\dhtx\xulyanh\dhtx-xulyanh1\input\f-1740387284176-883385075.jpeg,ok,35H-02196,,0.936,"[100, 357, 220, 413]",,At least one OCR text has a valid Vietnamese plate format.
D:\dhtx\xulyanh\dhtx-xulyanh1\input\f-1740389068193-341587332.jpeg,ok,20C-26999,,0.888,"[118, 359, 220, 386]",,At least one OCR text has a valid Vietnamese plate format.
D:\dhtx\xulyanh\dhtx-xulyanh1\input\f-1740389455459-125429042.jpg,ok,34C-17747,,0.945,"[388, 1190, 609, 1308]",,At least one OCR text has a valid Vietnamese plate format.
D:\dhtx\xulyanh\dhtx-xulyanh1\input\f-1740401889721-57383398.jpeg,ok,29M-0548,,0.717,"[115, 345, 209, 374]",,At least one OCR text has a valid Vietnamese plate format.
D:\dhtx\xulyanh\dhtx-xulyanh1\input\f-1740405875519-16472301.jpg,ok,37DD-00434,,0.919,"[450, 538, 743, 615]",,At least one OCR text has a valid Vietnamese plate format.
D:\dhtx\xulyanh\dhtx-xulyanh1\input\f-1740407157398-378789458.jpeg,ok,89C-09412,,0.770,"[115, 338, 200, 399]",,At least one OCR text has a valid Vietnamese plate format.
D:\dhtx\xulyanh\dhtx-xulyanh1\input\f-1740408465597-843286664.jpg,ok,20H-00002,,0.931,"[846, 2313, 1464, 2657]",,At least one OCR text has a valid Vietnamese plate format.
D:\dhtx\xulyanh\dhtx-xulyanh1\input\f-1740410739244-626229547.jpeg,ok,29CD-005.88,,0.940,"[139, 345, 207, 381]",,At least one OCR text has a valid Vietnamese plate format.
D:\dhtx\xulyanh\dhtx-xulyanh1\input\f-1740412467164-369091406.jpeg,ok,23D-02505,,0.876,"[114, 372, 226, 402]",,At least one OCR text has a valid Vietnamese plate format.
D:\dhtx\xulyanh\dhtx-xulyanh1\input\f-1740414110470-46169141.jpg,ok,29CD-024.06,,0.874,"[727, 2403, 1429, 2597]",,At least one OCR text has a valid Vietnamese plate format.
D:\dhtx\xulyanh\dhtx-xulyanh1\input\f-1740414184690-803668493.jpeg,ok,29CD-024.06,,0.758,"[114, 356, 229, 386]",,At least one OCR text has a valid Vietnamese plate format.
D:\dhtx\xulyanh\dhtx-xulyanh1\input\f-1740414751615-944568100.jpg,ocr_empty,,30D0069M,0.654,"[763, 2206, 1448, 2421]",D:\dhtx\xulyanh\dhtx-xulyanh1\input-not-detect-2\f-1740414751615-944568100.jpg,All OCR texts are empty. Rejected raw OCR: 30D0069M
D:\dhtx\xulyanh\dhtx-xulyanh1\input\f-1740424820225-755618538.jpg,ok,29A-0207,,0.854,"[787, 2467, 1569, 2672]",,At least one OCR text has a valid Vietnamese plate format.
D:\dhtx\xulyanh\dhtx-xulyanh1\input\f-1740439924535-141948737.jpg,ok,34C-20940,,0.915,"[375, 1173, 620, 1299]",,At least one OCR text has a valid Vietnamese plate format.
D:\dhtx\xulyanh\dhtx-xulyanh1\input\f-1740444947824-864755597.jpg,no_plate_detected,,,,,D:\dhtx\xulyanh\dhtx-xulyanh1\input-not-detect-2\f-1740444947824-864755597.jpg,Pipeline returned no plate result.
D:\dhtx\xulyanh\dhtx-xulyanh1\input\f-1740446992330-32729050.jpg,ok,37C-14646,,0.907,"[1327, 1548, 1880, 1835]",,At least one OCR text has a valid Vietnamese plate format.
D:\dhtx\xulyanh\dhtx-xulyanh1\input\f-1740447835033-552069540.jpeg,ok,98BC-22915 | , | ,0.966 | 0.341,"[103, 368, 243, 441] | [150, 448, 194, 480]",,At least one OCR text has a valid Vietnamese plate format.
D:\dhtx\xulyanh\dhtx-xulyanh1\input\f-1740450503108-60298700.jpeg,ok,99C-30318,,0.930,"[115, 381, 190, 428]",,At least one OCR text has a valid Vietnamese plate format.
D:\dhtx\xulyanh\dhtx-xulyanh1\input\f-1740453495467-202897495.jpeg,ok,98BC-06069,,0.916,"[124, 376, 208, 423]",,At least one OCR text has a valid Vietnamese plate format.
D:\dhtx\xulyanh\dhtx-xulyanh1\input\f-1740467386647-603436123.jpg,ok,99C-20306,,0.891,"[491, 1538, 927, 1771]",,At least one OCR text has a valid Vietnamese plate format.
D:\dhtx\xulyanh\dhtx-xulyanh1\input\f-1740468269624-733123550.jpeg,ok,15H-01975,,0.879,"[116, 375, 217, 431]",,At least one OCR text has a valid Vietnamese plate format.
D:\dhtx\xulyanh\dhtx-xulyanh1\input\f-1740469552960-682661035.jpg,ocr_empty,,292527,0.913,"[748, 2319, 1322, 2455]",D:\dhtx\xulyanh\dhtx-xulyanh1\input-not-detect-2\f-1740469552960-682661035.jpg,All OCR texts are empty. Rejected raw OCR: 292527
D:\dhtx\xulyanh\dhtx-xulyanh1\input\f-1740469642939-942946115.jpg,ok,99H-02387,,0.944,"[700, 2235, 1349, 2595]",,At least one OCR text has a valid Vietnamese plate format.
D:\dhtx\xulyanh\dhtx-xulyanh1\input\f-1740473319909-217778821.jpg,ok,89H-01439,,0.938,"[514, 1525, 958, 1751]",,At least one OCR text has a valid Vietnamese plate format.
D:\dhtx\xulyanh\dhtx-xulyanh1\input\f-1740475204427-39356273.jpg,ok,15H-01928,,0.936,"[579, 2046, 1177, 2364]",,At least one OCR text has a valid Vietnamese plate format.
D:\dhtx\xulyanh\dhtx-xulyanh1\input\f-1740475870298-780070178.jpeg,ok,35E-00630,,0.908,"[123, 358, 210, 402]",,At least one OCR text has a valid Vietnamese plate format.
D:\dhtx\xulyanh\dhtx-xulyanh1\input\f-1740476316093-989686933.jpg,ocr_empty,,MMM9837,0.918,"[493, 2057, 1234, 2245]",D:\dhtx\xulyanh\dhtx-xulyanh1\input-not-detect-2\f-1740476316093-989686933.jpg,All OCR texts are empty. Rejected raw OCR: MMM9837
D:\dhtx\xulyanh\dhtx-xulyanh1\input\f-1740490679223-284257114.jpeg,ocr_empty,,029K02410,0.879,"[116, 366, 227, 397]",D:\dhtx\xulyanh\dhtx-xulyanh1\input-not-detect-2\f-1740490679223-284257114.jpeg,All OCR texts are empty. Rejected raw OCR: 029K02410
D:\dhtx\xulyanh\dhtx-xulyanh1\input\f-1740496674909-866404094.jpeg,ok,29KD-24108 | 29K-02410, | ,0.935 | 0.843,"[115, 345, 211, 373] | [115, 344, 262, 374]",,At least one OCR text has a valid Vietnamese plate format.
D:\dhtx\xulyanh\dhtx-xulyanh1\input\f-1740503426032-621503550.jpg,ok,29K-10537,,0.921,"[1006, 2429, 1442, 2688]",,At least one OCR text has a valid Vietnamese plate format.
D:\dhtx\xulyanh\dhtx-xulyanh1\input\f-1740505953121-516145294.jpeg,ok,29K-04065,,0.874,"[117, 353, 216, 380]",,At least one OCR text has a valid Vietnamese plate format.
D:\dhtx\xulyanh\dhtx-xulyanh1\input\f-1740513445989-857083901.jpg,ocr_empty,,29K704065M,0.908,"[792, 2504, 1509, 2728]",D:\dhtx\xulyanh\dhtx-xulyanh1\input-not-detect-2\f-1740513445989-857083901.jpg,All OCR texts are empty. Rejected raw OCR: 29K704065M
D:\dhtx\xulyanh\dhtx-xulyanh1\input\f-1740525428308-593509957.jpg,ok,17C-00988,,0.916,"[670, 2008, 1165, 2305]",,At least one OCR text has a valid Vietnamese plate format.
D:\dhtx\xulyanh\dhtx-xulyanh1\input\f-1740526430315-144829052.jpeg,ok,37H-05999,,0.951,"[99, 346, 231, 408]",,At least one OCR text has a valid Vietnamese plate format.
D:\dhtx\xulyanh\dhtx-xulyanh1\input\f-1740528901694-986691810.jpg,ok,37H-05510,,0.930,"[686, 2258, 1273, 2573]",,At least one OCR text has a valid Vietnamese plate format.
D:\dhtx\xulyanh\dhtx-xulyanh1\input\f-1740532892828-795820969.jpg,ocr_empty, | ,MMT4875 | 04NMN4M033576763,0.878 | 0.665,"[1664, 2325, 2448, 2515] | [3846, 1249, 4030, 1387]",D:\dhtx\xulyanh\dhtx-xulyanh1\input-not-detect-2\f-1740532892828-795820969.jpg,All OCR texts are empty. Rejected raw OCR: MMT4875 | 04NMN4M033576763
D:\dhtx\xulyanh\dhtx-xulyanh1\input\f-1740537707700-589060721.jpeg,ok,92TA-24883 | , | E9ZC1428355FEEF4,0.888 | 0.328,"[87, 361, 247, 409] | [85, 359, 249, 447]",,At least one OCR text has a valid Vietnamese plate format.
D:\dhtx\xulyanh\dhtx-xulyanh1\input\f-1740538232148-861359967.jpeg,ok,36C-49173,,0.823,"[134, 360, 220, 383]",,At least one OCR text has a valid Vietnamese plate format.
D:\dhtx\xulyanh\dhtx-xulyanh1\input\f-1740538753022-394426276.jpg,ok,36C-49173,,0.889,"[1385, 3023, 2000, 3188]",,At least one OCR text has a valid Vietnamese plate format.
D:\dhtx\xulyanh\dhtx-xulyanh1\input\f-1740547783445-276255715.jpeg,ok,37H-03727,,0.855,"[129, 353, 218, 398]",,At least one OCR text has a valid Vietnamese plate format.
D:\dhtx\xulyanh\dhtx-xulyanh1\input\f-1740550316300-962362342.jpg,ok,98MH-03326,,0.934,"[556, 1997, 1157, 2360]",,At least one OCR text has a valid Vietnamese plate format.
D:\dhtx\xulyanh\dhtx-xulyanh1\input\f-1740552220083-342615106.jpg,ok,37HM-01293,,0.968,"[275, 1670, 1620, 2370]",,At least one OCR text has a valid Vietnamese plate format.
D:\dhtx\xulyanh\dhtx-xulyanh1\input\f-1740555047682-748289878.jpeg,ok,37C-20777,,0.977,"[87, 329, 243, 409]",,At least one OCR text has a valid Vietnamese plate format.
D:\dhtx\xulyanh\dhtx-xulyanh1\input\f-1740555631423-870216489.jpg,ok,89D-10224,,0.891,"[389, 2065, 1476, 2346]",,At least one OCR text has a valid Vietnamese plate format.
D:\dhtx\xulyanh\dhtx-xulyanh1\input\f-1740557349131-345788201.jpg,ok,09BD-00726,,0.925,"[436, 2091, 1372, 2340]",,At least one OCR text has a valid Vietnamese plate format.
D:\dhtx\xulyanh\dhtx-xulyanh1\input\f-1740558133564-904017663.jpg,ok,37CC-20077,,0.881,"[880, 2432, 1474, 2748]",,At least one OCR text has a valid Vietnamese plate format.
D:\dhtx\xulyanh\dhtx-xulyanh1\input\f-1740559605893-860359881.jpeg,ocr_empty,,337C20077,0.905,"[119, 335, 220, 389]",D:\dhtx\xulyanh\dhtx-xulyanh1\input-not-detect-2\f-1740559605893-860359881.jpeg,All OCR texts are empty. Rejected raw OCR: 337C20077
D:\dhtx\xulyanh\dhtx-xulyanh1\input\f-1740561321108-290561373.jpg,ok,37CD-002.28,,0.768,"[729, 2294, 1255, 2583]",,At least one OCR text has a valid Vietnamese plate format.
D:\dhtx\xulyanh\dhtx-xulyanh1\input\f-1740562106695-39016083.jpeg,ok,37H-05999,,0.935,"[114, 342, 214, 389]",,At least one OCR text has a valid Vietnamese plate format.
D:\dhtx\xulyanh\dhtx-xulyanh1\input\f-1740562362656-22359635.jpeg,ok,29H-72109,,0.969,"[68, 324, 265, 423]",,At least one OCR text has a valid Vietnamese plate format.
D:\dhtx\xulyanh\dhtx-xulyanh1\input\f-1740563656760-952525807.jpg,ok,37HM-07725,,0.907,"[591, 1941, 1208, 2266]",,At least one OCR text has a valid Vietnamese plate format.
D:\dhtx\xulyanh\dhtx-xulyanh1\input\f-1740564707305-812531597.jpg,ocr_empty,,36Z-46020,0.887,"[398, 1571, 1006, 1735]",D:\dhtx\xulyanh\dhtx-xulyanh1\input-not-detect-2\f-1740564707305-812531597.jpg,All OCR texts are empty. Rejected raw OCR: 36Z-46020
D:\dhtx\xulyanh\dhtx-xulyanh1\input\f-1740565274921-828666662.jpeg,ok,35HD-21596,,0.946,"[121, 358, 204, 398]",,At least one OCR text has a valid Vietnamese plate format.
D:\dhtx\xulyanh\dhtx-xulyanh1\input\f-1740566074638-816835159.jpeg,ocr_empty,,259XK02026,0.828,"[12, 344, 291, 406]",D:\dhtx\xulyanh\dhtx-xulyanh1\input-not-detect-2\f-1740566074638-816835159.jpeg,All OCR texts are empty. Rejected raw OCR: 259XK02026
D:\dhtx\xulyanh\dhtx-xulyanh1\input\f-1740566515011-541069498.jpeg,ok,20C-06287,,0.937,"[131, 356, 201, 395]",,At least one OCR text has a valid Vietnamese plate format.
D:\dhtx\xulyanh\dhtx-xulyanh1\input\f-1740567730743-15164178.jpg,ok,37H-00803,,0.933,"[715, 2257, 1340, 2602]",,At least one OCR text has a valid Vietnamese plate format.
D:\dhtx\xulyanh\dhtx-xulyanh1\input\f-1740573995024-587647069.jpeg,ok,20C-06296,,0.963,"[111, 350, 216, 411]",,At least one OCR text has a valid Vietnamese plate format.
D:\dhtx\xulyanh\dhtx-xulyanh1\input\f-1740579841647-731411641.jpeg,ok,29D-20267,,0.957,"[84, 352, 253, 396]",,At least one OCR text has a valid Vietnamese plate format.
D:\dhtx\xulyanh\dhtx-xulyanh1\input\f-1740580289980-630943011.jpg,ok,98BC-28588,,0.703,"[60, 134, 774, 525]",,At least one OCR text has a valid Vietnamese plate format.
D:\dhtx\xulyanh\dhtx-xulyanh1\input\f-1740586427859-572165616.jpeg,ok,29CD-005.82,,0.958,"[73, 328, 277, 437]",,At least one OCR text has a valid Vietnamese plate format.
D:\dhtx\xulyanh\dhtx-xulyanh1\input\f-1740587427407-111480898.jpg,ok,29C-79307,,0.590,"[139, 585, 794, 869]",,At least one OCR text has a valid Vietnamese plate format.
D:\dhtx\xulyanh\dhtx-xulyanh1\input\f-1740588594022-935844402.jpeg,ok,37CD-000.52,,0.976,"[77, 337, 253, 427]",,At least one OCR text has a valid Vietnamese plate format.
D:\dhtx\xulyanh\dhtx-xulyanh1\input\f-1740597751789-530749606.jpg,ok,89C-24515 | , | ,0.936 | 0.505,"[599, 2103, 1477, 2554] | [707, 0, 1538, 220]",,At least one OCR text has a valid Vietnamese plate format.
D:\dhtx\xulyanh\dhtx-xulyanh1\input\f-1740597858645-378128446.jpg,ok,29D-23299,,0.925,"[532, 2227, 1697, 2512]",,At least one OCR text has a valid Vietnamese plate format.
D:\dhtx\xulyanh\dhtx-xulyanh1\input\f-1740600178399-287973129.jpeg,ok,37CD-000.52,,0.871,"[118, 345, 202, 391]",,At least one OCR text has a valid Vietnamese plate format.
D:\dhtx\xulyanh\dhtx-xulyanh1\input\f-1740614892705-573352142.jpg,ok,37H-05510,,0.969,"[468, 1749, 1442, 2246]",,At least one OCR text has a valid Vietnamese plate format.
D:\dhtx\xulyanh\dhtx-xulyanh1\input\f-1740615730980-915271890.jpeg,ok,35H-02196,,0.985,"[86, 336, 231, 405]",,At least one OCR text has a valid Vietnamese plate format.
D:\dhtx\xulyanh\dhtx-xulyanh1\input\f-1740617733063-692577888.jpg,ocr_empty, | ,00DB902184 | 39C989C02184,0.718 | 0.712,"[323, 1217, 679, 1319] | [321, 1124, 676, 1318]",D:\dhtx\xulyanh\dhtx-xulyanh1\input-not-detect-2\f-1740617733063-692577888.jpg,All OCR texts are empty. Rejected raw OCR: 00DB902184 | 39C989C02184
D:\dhtx\xulyanh\dhtx-xulyanh1\input\f-1740618593409-750655644.jpeg,ok,89HD-18927,,0.968,"[138, 362, 196, 396]",,At least one OCR text has a valid Vietnamese plate format.
D:\dhtx\xulyanh\dhtx-xulyanh1\input\f-1740618792163-975306249.jpg,ok,37C-48875,,0.884,"[496, 1563, 935, 1679]",,At least one OCR text has a valid Vietnamese plate format.
D:\dhtx\xulyanh\dhtx-xulyanh1\input\f-1740619796317-423171850.jpg,ok,37TD-00042,,0.768,"[483, 1528, 941, 1641]",,At least one OCR text has a valid Vietnamese plate format.
D:\dhtx\xulyanh\dhtx-xulyanh1\input\f-1740621539406-199198973.jpeg,ocr_empty,,22C7H07341,0.913,"[120, 350, 206, 391]",D:\dhtx\xulyanh\dhtx-xulyanh1\input-not-detect-2\f-1740621539406-199198973.jpeg,All OCR texts are empty. Rejected raw OCR: 22C7H07341
D:\dhtx\xulyanh\dhtx-xulyanh1\input\f-1740621872372-683393077.jpeg,ok,37C-42118,,0.919,"[139, 359, 210, 398]",,At least one OCR text has a valid Vietnamese plate format.
D:\dhtx\xulyanh\dhtx-xulyanh1\input\f-1740622547945-815794309.jpeg,ocr_empty,,M9BBH03326,0.937,"[118, 357, 210, 409]",D:\dhtx\xulyanh\dhtx-xulyanh1\input-not-detect-2\f-1740622547945-815794309.jpeg,All OCR texts are empty. Rejected raw OCR: M9BBH03326
D:\dhtx\xulyanh\dhtx-xulyanh1\input\f-1740630261290-490321544.jpg,ok, | 20T-6472 | ,2472 |  | MM272,0.916 | 0.853 | 0.268,"[635, 1983, 1413, 2156] | [633, 1994, 1203, 2153] | [626, 1927, 1749, 2160]",,At least one OCR text has a valid Vietnamese plate format.
D:\dhtx\xulyanh\dhtx-xulyanh1\input\f-1740630812313-771567736.jpeg,ok,89BH-03326,,0.901,"[120, 384, 211, 436]",,At least one OCR text has a valid Vietnamese plate format.
D:\dhtx\xulyanh\dhtx-xulyanh1\input\f-1740630828967-695845306.jpg,ok,37C-20777,,0.934,"[891, 2302, 1489, 2647]",,At least one OCR text has a valid Vietnamese plate format.
D:\dhtx\xulyanh\dhtx-xulyanh1\input\f-1740631346561-686546106.jpeg,ok,20H-01261,,0.902,"[136, 353, 195, 385]",,At least one OCR text has a valid Vietnamese plate format.
D:\dhtx\xulyanh\dhtx-xulyanh1\input\f-1740633689923-524588937.jpeg,ocr_empty,,MMMT5H11287,0.935,"[110, 372, 236, 404]",D:\dhtx\xulyanh\dhtx-xulyanh1\input-not-detect-2\f-1740633689923-524588937.jpeg,All OCR texts are empty. Rejected raw OCR: MMMT5H11287
D:\dhtx\xulyanh\dhtx-xulyanh1\input\f-1740634382617-707342005.jpeg,ocr_empty,,93GC46121MMMM,0.891,"[99, 352, 238, 395]",D:\dhtx\xulyanh\dhtx-xulyanh1\input-not-detect-2\f-1740634382617-707342005.jpeg,All OCR texts are empty. Rejected raw OCR: 93GC46121MMMM
D:\dhtx\xulyanh\dhtx-xulyanh1\input\f-1740638691190-885280296.jpeg,ok,37H-04616,,0.843,"[112, 352, 200, 400]",,At least one OCR text has a valid Vietnamese plate format.
D:\dhtx\xulyanh\dhtx-xulyanh1\input\f-1740639671320-919340147.jpeg,ok,15H-01975,,0.909,"[112, 373, 218, 428]",,At least one OCR text has a valid Vietnamese plate format.
D:\dhtx\xulyanh\dhtx-xulyanh1\input\f-1740639941443-397724159.jpeg,ok,15H-10701,,0.939,"[121, 384, 239, 416]",,At least one OCR text has a valid Vietnamese plate format.
D:\dhtx\xulyanh\dhtx-xulyanh1\input\f-1740641637095-121574361.jpg,ocr_empty,,48A200H02381,0.930,"[843, 2345, 1339, 2616]",D:\dhtx\xulyanh\dhtx-xulyanh1\input-not-detect-2\f-1740641637095-121574361.jpg,All OCR texts are empty. Rejected raw OCR: 48A200H02381
D:\dhtx\xulyanh\dhtx-xulyanh1\input\f-1740643320043-448610296.jpg,ok,98BD-32841,,0.888,"[716, 2188, 1258, 2485]",,At least one OCR text has a valid Vietnamese plate format.
D:\dhtx\xulyanh\dhtx-xulyanh1\input\f-1740644743058-776063914.jpg,ok,37H-3727,,0.882,"[626, 1897, 1156, 2173]",,At least one OCR text has a valid Vietnamese plate format.
D:\dhtx\xulyanh\dhtx-xulyanh1\input\f-1740646462473-730559614.jpeg,ok,20H-02370,,0.851,"[113, 344, 195, 390]",,At least one OCR text has a valid Vietnamese plate format.
D:\dhtx\xulyanh\dhtx-xulyanh1\input\f-1740655195990-368672822.jpg,ok,98BC-21701,,0.918,"[787, 2229, 1409, 2582]",,At least one OCR text has a valid Vietnamese plate format.
D:\dhtx\xulyanh\dhtx-xulyanh1\input\f-1740655555949-546104261.jpeg,ok,20C-05973,,0.908,"[138, 367, 216, 410]",,At least one OCR text has a valid Vietnamese plate format.
D:\dhtx\xulyanh\dhtx-xulyanh1\input\f-1740660330724-32536254.jpg,ocr_empty,,29702006,0.893,"[729, 2298, 1458, 2500]",D:\dhtx\xulyanh\dhtx-xulyanh1\input-not-detect-2\f-1740660330724-32536254.jpg,All OCR texts are empty. Rejected raw OCR: 29702006
D:\dhtx\xulyanh\dhtx-xulyanh1\input\f-1740661394516-774957640.jpg,ok,99C-20306 |  | , |  | ,0.903 | 0.675 | 0.569,"[251, 490, 748, 734] | [782, 490, 959, 603] | [239, 26, 782, 167]",,At least one OCR text has a valid Vietnamese plate format.
D:\dhtx\xulyanh\dhtx-xulyanh1\input\f-1740670142875-504468746.jpg,ok,34C-14801,,0.960,"[732, 2021, 1580, 2420]",,At least one OCR text has a valid Vietnamese plate format.
D:\dhtx\xulyanh\dhtx-xulyanh1\input\f-1740670554694-991203915.jpeg,ok,98C-29436,,0.912,"[137, 345, 203, 383]",,At least one OCR text has a valid Vietnamese plate format.
D:\dhtx\xulyanh\dhtx-xulyanh1\input\f-1740674570914-575810954.jpeg,ocr_empty, | ,34C920963 | 070222,0.948 | 0.337,"[100, 335, 223, 398] | [221, 329, 283, 363]",D:\dhtx\xulyanh\dhtx-xulyanh1\input-not-detect-2\f-1740674570914-575810954.jpeg,All OCR texts are empty. Rejected raw OCR: 34C920963 | 070222
D:\dhtx\xulyanh\dhtx-xulyanh1\input\f-1740679495285-358653923.jpeg,ok,23AH-03648,,0.972,"[93, 350, 225, 421]",,At least one OCR text has a valid Vietnamese plate format.
D:\dhtx\xulyanh\dhtx-xulyanh1\input\f-1740689308874-276713528.jpg,ok,34E-0148,,0.961,"[134, 465, 364, 521]",,At least one OCR text has a valid Vietnamese plate format.
D:\dhtx\xulyanh\dhtx-xulyanh1\input\f-1740699747083-673304586.jpg,ok,37H-09040,,0.976,"[343, 1742, 1553, 2373]",,At least one OCR text has a valid Vietnamese plate format.
D:\dhtx\xulyanh\dhtx-xulyanh1\input\f-1740703204129-461034834.jpg,ocr_empty,,MM,0.932,"[544, 1909, 1238, 2105]",D:\dhtx\xulyanh\dhtx-xulyanh1\input-not-detect-2\f-1740703204129-461034834.jpg,All OCR texts are empty. Rejected raw OCR: MM
D:\dhtx\xulyanh\dhtx-xulyanh1\input\f-1740704033452-852389619.jpeg,ok,37C-51885,,0.942,"[108, 319, 236, 396]",,At least one OCR text has a valid Vietnamese plate format.
D:\dhtx\xulyanh\dhtx-xulyanh1\input\f-1740705702188-805559912.jpg,ok,37TC-49659,,0.960,"[127, 1123, 882, 1279]",,At least one OCR text has a valid Vietnamese plate format.
D:\dhtx\xulyanh\dhtx-xulyanh1\input\f-1740706235887-728551258.jpeg,ok,98BH-03926,,0.906,"[119, 369, 212, 423]",,At least one OCR text has a valid Vietnamese plate format.
D:\dhtx\xulyanh\dhtx-xulyanh1\input\f-1740707102987-146480294.jpeg,ocr_empty,,M37T36509,0.884,"[65, 311, 255, 355]",D:\dhtx\xulyanh\dhtx-xulyanh1\input-not-detect-2\f-1740707102987-146480294.jpeg,All OCR texts are empty. Rejected raw OCR: M37T36509
D:\dhtx\xulyanh\dhtx-xulyanh1\input\f-1740711171235-378435765.jpg,ocr_empty,,77,0.850,"[676, 2327, 1466, 2547]",D:\dhtx\xulyanh\dhtx-xulyanh1\input-not-detect-2\f-1740711171235-378435765.jpg,All OCR texts are empty. Rejected raw OCR: 77
D:\dhtx\xulyanh\dhtx-xulyanh1\input\f-1740711822822-241937150.jpeg,ok,99C-26952,,0.940,"[105, 372, 245, 405]",,At least one OCR text has a valid Vietnamese plate format.
D:\dhtx\xulyanh\dhtx-xulyanh1\input\f-1740713323526-331798204.jpg,ok,37MN-07725,,0.971,"[392, 1772, 1479, 2300]",,At least one OCR text has a valid Vietnamese plate format.
D:\dhtx\xulyanh\dhtx-xulyanh1\input\f-1740713461202-944776929.jpeg,ok,37H-03727,,0.973,"[77, 328, 259, 416]",,At least one OCR text has a valid Vietnamese plate format.
D:\dhtx\xulyanh\dhtx-xulyanh1\input\f-1740714240215-456044960.jpg,ok,37T-8859,,0.838,"[1055, 2950, 1949, 3258]",,At least one OCR text has a valid Vietnamese plate format.
D:\dhtx\xulyanh\dhtx-xulyanh1\input\f-1740714550241-838911395.jpeg,ok,99F-00560,,0.880,"[123, 362, 186, 395]",,At least one OCR text has a valid Vietnamese plate format.
D:\dhtx\xulyanh\dhtx-xulyanh1\input\f-1740715459279-757238792.jpeg,ok,35H-02056,,0.959,"[42, 334, 230, 422]",,At least one OCR text has a valid Vietnamese plate format.
D:\dhtx\xulyanh\dhtx-xulyanh1\input\f-1740719002251-127298887.jpeg,ok,37S-02872,,0.919,"[103, 359, 228, 389]",,At least one OCR text has a valid Vietnamese plate format.
D:\dhtx\xulyanh\dhtx-xulyanh1\input\f-1740722878234-62495607.jpeg,ok,37H-00813,,0.973,"[41, 346, 281, 458]",,At least one OCR text has a valid Vietnamese plate format.
D:\dhtx\xulyanh\dhtx-xulyanh1\input\f-1740723727661-751412484.jpeg,ok,41SC-34421,,0.894,"[141, 372, 206, 409]",,At least one OCR text has a valid Vietnamese plate format.
D:\dhtx\xulyanh\dhtx-xulyanh1\input\f-1740724733483-380211562.jpg,ok,37D-50086,,0.907,"[376, 1878, 1686, 2585]",,At least one OCR text has a valid Vietnamese plate format.
D:\dhtx\xulyanh\dhtx-xulyanh1\input\f-1740724790233-848805879.jpg,ok,18H-03289,,0.915,"[939, 2289, 1370, 2542]",,At least one OCR text has a valid Vietnamese plate format.
D:\dhtx\xulyanh\dhtx-xulyanh1\input\f-1740725677323-739043133.jpeg,ok,29H-01559,,0.860,"[126, 369, 192, 407]",,At least one OCR text has a valid Vietnamese plate format.
D:\dhtx\xulyanh\dhtx-xulyanh1\input\f-1740725770623-23921571.jpg,ok,37DC-50086,,0.866,"[820, 2276, 1458, 2436]",,At least one OCR text has a valid Vietnamese plate format.
D:\dhtx\xulyanh\dhtx-xulyanh1\input\f-1740727197709-167887005.jpeg,ok,90H-00530,,0.930,"[95, 380, 212, 439]",,At least one OCR text has a valid Vietnamese plate format.
D:\dhtx\xulyanh\dhtx-xulyanh1\input\f-1740727848233-673657145.jpg,ok,29C-88903,,0.888,"[820, 2263, 1234, 2489]",,At least one OCR text has a valid Vietnamese plate format.
D:\dhtx\xulyanh\dhtx-xulyanh1\input\f-1740729457494-362727329.jpeg,ok,37M-09384,,0.893,"[113, 367, 228, 394]",,At least one OCR text has a valid Vietnamese plate format.
D:\dhtx\xulyanh\dhtx-xulyanh1\input\f-1740730290348-73687645.jpg,ocr_empty,,15,0.306,"[209, 2053, 2110, 2454]",D:\dhtx\xulyanh\dhtx-xulyanh1\input-not-detect-2\f-1740730290348-73687645.jpg,All OCR texts are empty. Rejected raw OCR: 15
D:\dhtx\xulyanh\dhtx-xulyanh1\input\f-1740731453120-558310871.jpeg,ok,36H-03749,,0.974,"[103, 343, 290, 413]",,At least one OCR text has a valid Vietnamese plate format.
D:\dhtx\xulyanh\dhtx-xulyanh1\input\f-1740732940643-13924793.jpeg,ok,37G-32161,,0.985,"[39, 315, 281, 440]",,At least one OCR text has a valid Vietnamese plate format.
D:\dhtx\xulyanh\dhtx-xulyanh1\input\f-1740734345269-659253262.jpeg,ok,15C-15047,,0.757,"[131, 349, 204, 415]",,At least one OCR text has a valid Vietnamese plate format.
D:\dhtx\xulyanh\dhtx-xulyanh1\input\f-1740734545052-700981763.jpg,ok,34H-00075 | , | 0D,0.946 | 0.399,"[875, 2270, 1235, 2493] | [826, 187, 1401, 320]",,At least one OCR text has a valid Vietnamese plate format.
D:\dhtx\xulyanh\dhtx-xulyanh1\input\f-1740734757237-914704593.jpg,ocr_empty,,MD56,0.912,"[1078, 3165, 1632, 3458]",D:\dhtx\xulyanh\dhtx-xulyanh1\input-not-detect-2\f-1740734757237-914704593.jpg,All OCR texts are empty. Rejected raw OCR: MD56
D:\dhtx\xulyanh\dhtx-xulyanh1\input\f-1740737533139-492789820.jpeg,ok,50L-44223,,0.907,"[90, 365, 239, 405]",,At least one OCR text has a valid Vietnamese plate format.
D:\dhtx\xulyanh\dhtx-xulyanh1\input\f-1740737800596-837246451.jpg,no_plate_detected,,,,,D:\dhtx\xulyanh\dhtx-xulyanh1\input-not-detect-2\f-1740737800596-837246451.jpg,Pipeline returned no plate result.
D:\dhtx\xulyanh\dhtx-xulyanh1\input\f-1740738215599-305908671.jpg,ok,37C-48875,,0.928,"[491, 1518, 1014, 1668]",,At least one OCR text has a valid Vietnamese plate format.
D:\dhtx\xulyanh\dhtx-xulyanh1\input\f-1740738775823-35549162.jpeg,ok,36H-06228,,0.976,"[38, 325, 261, 432]",,At least one OCR text has a valid Vietnamese plate format.
D:\dhtx\xulyanh\dhtx-xulyanh1\input\f-1740739415931-545368546.jpeg,ok,98HD-28601,,0.911,"[118, 353, 211, 403]",,At least one OCR text has a valid Vietnamese plate format.
D:\dhtx\xulyanh\dhtx-xulyanh1\input\f-1740744675360-232785151.jpeg,ok,98E-00924,,0.923,"[113, 347, 223, 408]",,At least one OCR text has a valid Vietnamese plate format.
D:\dhtx\xulyanh\dhtx-xulyanh1\input\f-1740744885375-370333008.jpg,ok,98DD-00056,,0.770,"[519, 1498, 906, 1601]",,At least one OCR text has a valid Vietnamese plate format.
D:\dhtx\xulyanh\dhtx-xulyanh1\input\f-1740750558229-386393805.jpg,ok,37H-01993,,0.946,"[529, 2165, 1513, 2760]",,At least one OCR text has a valid Vietnamese plate format.
D:\dhtx\xulyanh\dhtx-xulyanh1\input\f-1740754893553-795448963.jpg,ok,89CD-002.13,,0.603,"[428, 570, 878, 695]",,At least one OCR text has a valid Vietnamese plate format.
D:\dhtx\xulyanh\dhtx-xulyanh1\input\f-1740756224605-167995392.jpg,no_plate_detected,,,,,D:\dhtx\xulyanh\dhtx-xulyanh1\input-not-detect-2\f-1740756224605-167995392.jpg,Pipeline returned no plate result.
D:\dhtx\xulyanh\dhtx-xulyanh1\input\f-1740765389726-505197845.jpg,ok,29K-10537,,0.922,"[957, 2361, 1325, 2580]",,At least one OCR text has a valid Vietnamese plate format.
D:\dhtx\xulyanh\dhtx-xulyanh1\input\f-1740766872407-357463204.jpg,ok,34C-20940,,0.899,"[362, 897, 568, 1009]",,At least one OCR text has a valid Vietnamese plate format.
D:\dhtx\xulyanh\dhtx-xulyanh1\input\f-1740767552065-319596301.jpg,ok,34C-24627,,0.953,"[733, 2320, 1481, 2688]",,At least one OCR text has a valid Vietnamese plate format.
D:\dhtx\xulyanh\dhtx-xulyanh1\input\f-1740767741271-911045.jpg,ok,34E-00643,,0.914,"[727, 2250, 1260, 2579]",,At least one OCR text has a valid Vietnamese plate format.
D:\dhtx\xulyanh\dhtx-xulyanh1\input\f-1740768444677-778098432.jpg,ok,29K-10537,,0.927,"[863, 2290, 1239, 2514]",,At least one OCR text has a valid Vietnamese plate format.
D:\dhtx\xulyanh\dhtx-xulyanh1\input\f-1740773940116-2039765.jpeg,ocr_empty,,44Z9K02006MMMMM,0.882,"[105, 359, 232, 395]",D:\dhtx\xulyanh\dhtx-xulyanh1\input-not-detect-2\f-1740773940116-2039765.jpeg,All OCR texts are empty. Rejected raw OCR: 44Z9K02006MMMMM
D:\dhtx\xulyanh\dhtx-xulyanh1\input\f-1740775166734-12447947.jpg,ok,34C-16500,,0.942,"[985, 2243, 1484, 2547]",,At least one OCR text has a valid Vietnamese plate format.
D:\dhtx\xulyanh\dhtx-xulyanh1\input\f-1740776596086-471415904.jpg,ocr_empty,,98BC29184L43,0.965,"[494, 417, 900, 614]",D:\dhtx\xulyanh\dhtx-xulyanh1\input-not-detect-2\f-1740776596086-471415904.jpg,All OCR texts are empty. Rejected raw OCR: 98BC29184L43
D:\dhtx\xulyanh\dhtx-xulyanh1\input\f-1740776695375-114148981.jpeg,ocr_empty,,MMMMM029K04335,0.903,"[118, 347, 223, 378]",D:\dhtx\xulyanh\dhtx-xulyanh1\input-not-detect-2\f-1740776695375-114148981.jpeg,All OCR texts are empty. Rejected raw OCR: MMMMM029K04335
D:\dhtx\xulyanh\dhtx-xulyanh1\input\f-1740784565643-275857976.jpeg,ok,98T-5374,,0.859,"[103, 376, 249, 414]",,At least one OCR text has a valid Vietnamese plate format.
D:\dhtx\xulyanh\dhtx-xulyanh1\input\f-1740787294614-697523038.jpg,ok,24C-07428,,0.923,"[813, 2368, 1304, 2638]",,At least one OCR text has a valid Vietnamese plate format.
D:\dhtx\xulyanh\dhtx-xulyanh1\input\f-1740788511725-774480979.jpeg,ok,43GH-05598,,0.950,"[119, 339, 226, 393]",,At least one OCR text has a valid Vietnamese plate format.
D:\dhtx\xulyanh\dhtx-xulyanh1\input\f-1740791048063-483784379.jpeg,ok,37H-05999,,0.926,"[139, 349, 201, 381]",,At least one OCR text has a valid Vietnamese plate format.
D:\dhtx\xulyanh\dhtx-xulyanh1\input\f-1740792896877-494462193.jpg,ok,37D-1787,,0.486,"[765, 2223, 1506, 2490]",,At least one OCR text has a valid Vietnamese plate format.
D:\dhtx\xulyanh\dhtx-xulyanh1\input\f-1740794679922-829173323.jpeg,ok,17H-01250,,0.955,"[110, 337, 230, 397]",,At least one OCR text has a valid Vietnamese plate format.
D:\dhtx\xulyanh\dhtx-xulyanh1\input\f-1740794681270-467100075.jpg,ok,17H-01250,,0.954,"[695, 2171, 1479, 2541]",,At least one OCR text has a valid Vietnamese plate format.
D:\dhtx\xulyanh\dhtx-xulyanh1\input\f-1740795078891-878276253.jpeg,ok,37C-31258,,0.902,"[129, 347, 212, 407]",,At least one OCR text has a valid Vietnamese plate format.
D:\dhtx\xulyanh\dhtx-xulyanh1\input\f-1740796343739-573560364.jpeg,ok,98H-00613,,0.916,"[128, 344, 192, 378]",,At least one OCR text has a valid Vietnamese plate format.
D:\dhtx\xulyanh\dhtx-xulyanh1\input\f-1740799323439-678168897.jpg,no_plate_detected,,,,,D:\dhtx\xulyanh\dhtx-xulyanh1\input-not-detect-2\f-1740799323439-678168897.jpg,Pipeline returned no plate result.
D:\dhtx\xulyanh\dhtx-xulyanh1\input\f-1740802972241-653166238.jpg,ok,37G-00160,,0.953,"[726, 2367, 1484, 2723]",,At least one OCR text has a valid Vietnamese plate format.
D:\dhtx\xulyanh\dhtx-xulyanh1\input\f-1740804385257-646256665.jpeg,ocr_empty,,M37C24469,0.953,"[89, 413, 235, 477]",D:\dhtx\xulyanh\dhtx-xulyanh1\input-not-detect-2\f-1740804385257-646256665.jpeg,All OCR texts are empty. Rejected raw OCR: M37C24469
D:\dhtx\xulyanh\dhtx-xulyanh1\input\f-1740812723504-414560626.jpeg,ok,37H-04588,,0.951,"[35, 314, 290, 442]",,At least one OCR text has a valid Vietnamese plate format.
D:\dhtx\xulyanh\dhtx-xulyanh1\input\f-1740815257609-636406630.jpg,ok,37C-53217,,0.923,"[673, 2350, 1531, 2588]",,At least one OCR text has a valid Vietnamese plate format.
D:\dhtx\xulyanh\dhtx-xulyanh1\input\f-1740821618071-219123892.jpg,no_plate_detected,,,,,D:\dhtx\xulyanh\dhtx-xulyanh1\input-not-detect-2\f-1740821618071-219123892.jpg,Pipeline returned no plate result.
D:\dhtx\xulyanh\dhtx-xulyanh1\input\f-1740824574762-577696643.jpg,ok,98BC-27791,,0.922,"[1011, 2969, 1498, 3241]",,At least one OCR text has a valid Vietnamese plate format.
D:\dhtx\xulyanh\dhtx-xulyanh1\input\f-1740824950954-389757954.jpg,ok,89C-28604,,0.874,"[594, 2959, 1033, 3230]",,At least one OCR text has a valid Vietnamese plate format.
D:\dhtx\xulyanh\dhtx-xulyanh1\input\f-1740826195873-308216438.jpeg,ok,29X-04832,,0.900,"[104, 354, 227, 390]",,At least one OCR text has a valid Vietnamese plate format.
D:\dhtx\xulyanh\dhtx-xulyanh1\input\f-1740826813549-801539807.jpg,ok,86DD-88103 | , | D,0.907 | 0.542,"[1090, 1938, 2636, 2725] | [146, 31, 885, 479]",,At least one OCR text has a valid Vietnamese plate format.
D:\dhtx\xulyanh\dhtx-xulyanh1\input\f-1740827492126-756511619.jpg,ocr_empty, | , | 29D97NMM,0.700 | 0.347,"[0, 1343, 1080, 1920] | [53, 1130, 1077, 1331]",D:\dhtx\xulyanh\dhtx-xulyanh1\input-not-detect-2\f-1740827492126-756511619.jpg,All OCR texts are empty. Rejected raw OCR: 29D97NMM
D:\dhtx\xulyanh\dhtx-xulyanh1\input\f-1740831036628-194119860.jpeg,ok,34CT-83697,,0.929,"[106, 329, 234, 391]",,At least one OCR text has a valid Vietnamese plate format.
D:\dhtx\xulyanh\dhtx-xulyanh1\input\f-1740832515834-741766493.jpg,ok,61H-12514,,0.879,"[676, 766, 855, 869]",,At least one OCR text has a valid Vietnamese plate format.
D:\dhtx\xulyanh\dhtx-xulyanh1\input\f-1740832786449-271972747.jpg,no_plate_detected,,,,,D:\dhtx\xulyanh\dhtx-xulyanh1\input-not-detect-2\f-1740832786449-271972747.jpg,Pipeline returned no plate result.
D:\dhtx\xulyanh\dhtx-xulyanh1\input\f-1740837123290-983898493.jpg,ok,20C-05960,,0.947,"[762, 2379, 1498, 2576]",,At least one OCR text has a valid Vietnamese plate format.
D:\dhtx\xulyanh\dhtx-xulyanh1\input\f-1740838103717-490939677.jpeg,ok,36H-06995,,0.867,"[125, 358, 218, 416]",,At least one OCR text has a valid Vietnamese plate format.
D:\dhtx\xulyanh\dhtx-xulyanh1\input\f-1740841474408-921496551.jpg,ocr_empty,,29H925255,0.777,"[424, 1159, 669, 1309]",D:\dhtx\xulyanh\dhtx-xulyanh1\input-not-detect-2\f-1740841474408-921496551.jpg,All OCR texts are empty. Rejected raw OCR: 29H925255
D:\dhtx\xulyanh\dhtx-xulyanh1\input\f-1740841968569-376763445.jpg,ok,37H-02621,,0.957,"[177, 1667, 1566, 2378]",,At least one OCR text has a valid Vietnamese plate format.
D:\dhtx\xulyanh\dhtx-xulyanh1\input\f-1740845604839-524143593.jpg,ok,29D-4005,,0.885,"[796, 2429, 1532, 2636]",,At least one OCR text has a valid Vietnamese plate format.
D:\dhtx\xulyanh\dhtx-xulyanh1\input\f-1740845837306-698590858.jpeg,ok,15F-01868,,0.950,"[111, 353, 235, 413]",,At least one OCR text has a valid Vietnamese plate format.
D:\dhtx\xulyanh\dhtx-xulyanh1\input\f-1740846340979-466734008.jpg,ok,98HC-00058,,0.921,"[407, 455, 742, 627]",,At least one OCR text has a valid Vietnamese plate format.
D:\dhtx\xulyanh\dhtx-xulyanh1\input\f-1740853328422-675723760.jpg,ok,70D-0014,,0.901,"[824, 2437, 1541, 2621]",,At least one OCR text has a valid Vietnamese plate format.
D:\dhtx\xulyanh\dhtx-xulyanh1\input\f-1740856257906-199373004.jpg,ok, | 29D-1546 | ,MDM |  | HN6HA1,0.841 | 0.833 | 0.549,"[16, 1173, 762, 1309] | [331, 1178, 754, 1308] | [290, 163, 565, 291]",,At least one OCR text has a valid Vietnamese plate format.
D:\dhtx\xulyanh\dhtx-xulyanh1\input\f-1740861578271-709084220.jpg,ok,29H-25255,,0.708,"[448, 1162, 800, 1321]",,At least one OCR text has a valid Vietnamese plate format.
D:\dhtx\xulyanh\dhtx-xulyanh1\input\f-1740879476495-172216089.jpg,ocr_empty,,2944,0.945,"[642, 2024, 2120, 2327]",D:\dhtx\xulyanh\dhtx-xulyanh1\input-not-detect-2\f-1740879476495-172216089.jpg,All OCR texts are empty. Rejected raw OCR: 2944
D:\dhtx\xulyanh\dhtx-xulyanh1\input\f-1740880104447-238915714.jpeg,ok,29H-25255,,0.796,"[127, 372, 222, 420]",,At least one OCR text has a valid Vietnamese plate format.
D:\dhtx\xulyanh\dhtx-xulyanh1\input\f-1740882716543-788885910.jpg,ok,99C-08863,,0.967,"[436, 1444, 1668, 2239]",,At least one OCR text has a valid Vietnamese plate format.
D:\dhtx\xulyanh\dhtx-xulyanh1\input\f-1740884089227-137020193.jpg,ok,37H-04588,,0.970,"[468, 2079, 1822, 2792]",,At least one OCR text has a valid Vietnamese plate format.
D:\dhtx\xulyanh\dhtx-xulyanh1\input\f-1740884199672-741783416.jpeg,ocr_empty,,05D,0.927,"[80, 357, 245, 401]",D:\dhtx\xulyanh\dhtx-xulyanh1\input-not-detect-2\f-1740884199672-741783416.jpeg,All OCR texts are empty. Rejected raw OCR: 05D
D:\dhtx\xulyanh\dhtx-xulyanh1\input\f-1740885457336-55480250.jpeg,ok,37H-03631,,0.921,"[23, 305, 312, 441]",,At least one OCR text has a valid Vietnamese plate format.
D:\dhtx\xulyanh\dhtx-xulyanh1\input\f-1740887824409-857272338.jpg,ocr_empty,,310,0.286,"[791, 1811, 2753, 2347]",D:\dhtx\xulyanh\dhtx-xulyanh1\input-not-detect-2\f-1740887824409-857272338.jpg,All OCR texts are empty. Rejected raw OCR: 310
D:\dhtx\xulyanh\dhtx-xulyanh1\input\f-1740888350594-7157796.jpeg,ok,29CD-004.37,,0.893,"[143, 346, 200, 381]",,At least one OCR text has a valid Vietnamese plate format.
D:\dhtx\xulyanh\dhtx-xulyanh1\input\f-1740898567932-926315354.jpeg,ok,37H-05999,,0.962,"[95, 328, 251, 405]",,At least one OCR text has a valid Vietnamese plate format.
D:\dhtx\xulyanh\dhtx-xulyanh1\input\f-1740898657583-307627236.jpeg,ok,37C-56011,,0.913,"[118, 347, 223, 406]",,At least one OCR text has a valid Vietnamese plate format.
D:\dhtx\xulyanh\dhtx-xulyanh1\input\f-1740899875631-628651862.jpg,ok,35H-02177,,0.897,"[690, 1871, 1147, 2156]",,At least one OCR text has a valid Vietnamese plate format.
D:\dhtx\xulyanh\dhtx-xulyanh1\input\f-1740900278823-43380186.jpg,ocr_empty,,29576,0.929,"[505, 2363, 1556, 2597]",D:\dhtx\xulyanh\dhtx-xulyanh1\input-not-detect-2\f-1740900278823-43380186.jpg,All OCR texts are empty. Rejected raw OCR: 29576
D:\dhtx\xulyanh\dhtx-xulyanh1\input\f-1740901544229-651377300.jpg,ok,37C-20667,,0.886,"[833, 2274, 1337, 2571]",,At least one OCR text has a valid Vietnamese plate format.
D:\dhtx\xulyanh\dhtx-xulyanh1\input\f-1740903696080-362992984.jpg,no_plate_detected,,,,,D:\dhtx\xulyanh\dhtx-xulyanh1\input-not-detect-2\f-1740903696080-362992984.jpg,Pipeline returned no plate result.
D:\dhtx\xulyanh\dhtx-xulyanh1\input\f-1740903949194-896015086.jpg,no_plate_detected,,,,,D:\dhtx\xulyanh\dhtx-xulyanh1\input-not-detect-2\f-1740903949194-896015086.jpg,Pipeline returned no plate result.
D:\dhtx\xulyanh\dhtx-xulyanh1\input\f-1740903980781-890101621.jpeg,ok,37H-00003,,0.920,"[103, 359, 203, 408]",,At least one OCR text has a valid Vietnamese plate format.
D:\dhtx\xulyanh\dhtx-xulyanh1\input\f-1740906427375-926067150.jpeg,ok,20C-25735,,0.884,"[116, 355, 195, 392]",,At least one OCR text has a valid Vietnamese plate format.
D:\dhtx\xulyanh\dhtx-xulyanh1\input\f-1740909965894-225277153.jpg,ok,37C-46597,,0.919,"[860, 2359, 1393, 2643]",,At least one OCR text has a valid Vietnamese plate format.
D:\dhtx\xulyanh\dhtx-xulyanh1\input\f-1740910337856-364845428.jpeg,ocr_empty,,429K0200261M1,0.833,"[135, 354, 211, 377]",D:\dhtx\xulyanh\dhtx-xulyanh1\input-not-detect-2\f-1740910337856-364845428.jpeg,All OCR texts are empty. Rejected raw OCR: 429K0200261M1
D:\dhtx\xulyanh\dhtx-xulyanh1\input\f-1740910635240-8141790.jpg,ok,37HD-45888 | , | ,0.954 | 0.441,"[758, 2212, 1605, 2635] | [0, 2563, 1944, 3840]",,At least one OCR text has a valid Vietnamese plate format.
D:\dhtx\xulyanh\dhtx-xulyanh1\input\f-1740913241669-809061480.jpg,ok,37H-05078,,0.863,"[258, 1660, 1616, 2373]",,At least one OCR text has a valid Vietnamese plate format.
D:\dhtx\xulyanh\dhtx-xulyanh1\input\f-1740914738495-63375443.jpeg,ok,29H-93610,,0.961,"[135, 372, 198, 415]",,At least one OCR text has a valid Vietnamese plate format.
D:\dhtx\xulyanh\dhtx-xulyanh1\input\f-1740915481702-417174689.jpg,ok,37H-02621,,0.938,"[225, 1680, 1557, 2338]",,At least one OCR text has a valid Vietnamese plate format.
D:\dhtx\xulyanh\dhtx-xulyanh1\input\f-1740915862072-583941811.jpeg,ok,88C-02426,,0.854,"[129, 356, 186, 391]",,At least one OCR text has a valid Vietnamese plate format.
D:\dhtx\xulyanh\dhtx-xulyanh1\input\f-1740915969247-181155247.jpeg,ocr_empty,,437L41081,0.893,"[111, 340, 215, 413]",D:\dhtx\xulyanh\dhtx-xulyanh1\input-not-detect-2\f-1740915969247-181155247.jpeg,All OCR texts are empty. Rejected raw OCR: 437L41081
D:\dhtx\xulyanh\dhtx-xulyanh1\input\f-1740917108174-84011639.jpg,ok,48BD-07124 | , | 0D2,0.577 | 0.492,"[756, 2341, 1392, 2589] | [192, 2331, 1387, 2593]",,At least one OCR text has a valid Vietnamese plate format.
D:\dhtx\xulyanh\dhtx-xulyanh1\input\f-1740921022934-957962491.jpg,ok,44CA-14417,,0.908,"[823, 2250, 1282, 2496]",,At least one OCR text has a valid Vietnamese plate format.
D:\dhtx\xulyanh\dhtx-xulyanh1\input\f-1740923541811-797843550.jpg,ok,37C-15480,,0.972,"[171, 1037, 942, 1389]",,At least one OCR text has a valid Vietnamese plate format.
D:\dhtx\xulyanh\dhtx-xulyanh1\input\f-1740925676528-335268398.jpeg,ocr_empty,,34C2096883,0.909,"[140, 353, 204, 387]",D:\dhtx\xulyanh\dhtx-xulyanh1\input-not-detect-2\f-1740925676528-335268398.jpeg,All OCR texts are empty. Rejected raw OCR: 34C2096883
D:\dhtx\xulyanh\dhtx-xulyanh1\input\f-1740926940835-162625382.jpeg,ok,20H-02356,,0.896,"[133, 352, 206, 390]",,At least one OCR text has a valid Vietnamese plate format.
D:\dhtx\xulyanh\dhtx-xulyanh1\input\f-1740928201008-639064514.jpg,ocr_empty,,20HM000042,0.925,"[837, 2231, 1356, 2500]",D:\dhtx\xulyanh\dhtx-xulyanh1\input-not-detect-2\f-1740928201008-639064514.jpg,All OCR texts are empty. Rejected raw OCR: 20HM000042
D:\dhtx\xulyanh\dhtx-xulyanh1\input\f-1740929439847-717231162.jpeg,ok,37CD-001.44,,0.881,"[103, 348, 237, 380]",,At least one OCR text has a valid Vietnamese plate format.
D:\dhtx\xulyanh\dhtx-xulyanh1\input\f-1740934085371-881593789.jpg,ok,20F-00565,,0.942,"[829, 2321, 1321, 2610]",,At least one OCR text has a valid Vietnamese plate format.
D:\dhtx\xulyanh\dhtx-xulyanh1\input\f-1740934638193-119690551.jpg,ocr_empty,,B890,0.713,"[622, 2389, 1504, 2625]",D:\dhtx\xulyanh\dhtx-xulyanh1\input-not-detect-2\f-1740934638193-119690551.jpg,All OCR texts are empty. Rejected raw OCR: B890
D:\dhtx\xulyanh\dhtx-xulyanh1\input\f-1740934651333-687871513.jpg,ok,29D-2026,,0.893,"[830, 2432, 1596, 2655]",,At least one OCR text has a valid Vietnamese plate format.
D:\dhtx\xulyanh\dhtx-xulyanh1\input\f-1740935745487-140999957.jpeg,ok,12DH-00059,,0.776,"[122, 349, 220, 410]",,At least one OCR text has a valid Vietnamese plate format.
D:\dhtx\xulyanh\dhtx-xulyanh1\input\f-1740940662599-237268902.jpg,ok,29T-0971,,0.922,"[491, 1535, 929, 1661]",,At least one OCR text has a valid Vietnamese plate format.
D:\dhtx\xulyanh\dhtx-xulyanh1\input\f-1740941608240-629539179.jpg,ocr_empty,,290240,0.889,"[833, 2460, 1539, 2680]",D:\dhtx\xulyanh\dhtx-xulyanh1\input-not-detect-2\f-1740941608240-629539179.jpg,All OCR texts are empty. Rejected raw OCR: 290240
D:\dhtx\xulyanh\dhtx-xulyanh1\input\f-1740941738647-36328832.jpeg,ok,29M-0871,,0.870,"[106, 349, 217, 381]",,At least one OCR text has a valid Vietnamese plate format.
D:\dhtx\xulyanh\dhtx-xulyanh1\input\f-1740945715993-683962685.jpeg,ok,29KT-07488,,0.886,"[129, 366, 220, 393]",,At least one OCR text has a valid Vietnamese plate format.
D:\dhtx\xulyanh\dhtx-xulyanh1\input\f-1740950322496-288255595.jpeg,ok,20HA-00059 | 20HT-00059, | ,0.525 | 0.506,"[69, 333, 226, 403] | [117, 333, 224, 402]",,At least one OCR text has a valid Vietnamese plate format.
D:\dhtx\xulyanh\dhtx-xulyanh1\input\f-1740957873386-186676999.jpeg,ok,89C-24365,,0.910,"[121, 360, 215, 414]",,At least one OCR text has a valid Vietnamese plate format.
D:\dhtx\xulyanh\dhtx-xulyanh1\input\f-1740958516977-653242645.jpg,ok,37HM-07725,,0.964,"[645, 2250, 1469, 2636]",,At least one OCR text has a valid Vietnamese plate format.
D:\dhtx\xulyanh\dhtx-xulyanh1\input\f-1740961143136-922327600.jpeg,ok,37H-01595,,0.943,"[147, 370, 196, 395]",,At least one OCR text has a valid Vietnamese plate format.
D:\dhtx\xulyanh\dhtx-xulyanh1\input\f-1740961143648-170436559.jpg,ok,37CA-69856,,0.818,"[741, 2209, 1645, 2607]",,At least one OCR text has a valid Vietnamese plate format.
D:\dhtx\xulyanh\dhtx-xulyanh1\input\f-1740962252822-636051634.jpg,ok,35D-2177,,0.639,"[237, 1945, 1962, 2807]",,At least one OCR text has a valid Vietnamese plate format.
D:\dhtx\xulyanh\dhtx-xulyanh1\input\f-1740966420507-998563917.jpg,ok,98E-00249,,0.912,"[576, 1488, 858, 1645]",,At least one OCR text has a valid Vietnamese plate format.
D:\dhtx\xulyanh\dhtx-xulyanh1\input\f-1740966652263-362933325.jpg,ocr_empty,,,0.962,"[369, 2185, 1855, 2568]",D:\dhtx\xulyanh\dhtx-xulyanh1\input-not-detect-2\f-1740966652263-362933325.jpg,All OCR texts are empty.
D:\dhtx\xulyanh\dhtx-xulyanh1\input\f-1740967118886-788898148.jpeg,ok,28C-06851,,0.953,"[121, 360, 210, 411]",,At least one OCR text has a valid Vietnamese plate format.
D:\dhtx\xulyanh\dhtx-xulyanh1\input\f-1740968846021-264469581.jpg,ocr_empty,,,0.960,"[940, 1463, 1743, 1891]",D:\dhtx\xulyanh\dhtx-xulyanh1\input-not-detect-2\f-1740968846021-264469581.jpg,All OCR texts are empty.
D:\dhtx\xulyanh\dhtx-xulyanh1\input\f-1740969173885-579786982.jpg,ok,37GC-19815,,0.955,"[668, 2270, 1433, 2625]",,At least one OCR text has a valid Vietnamese plate format.
D:\dhtx\xulyanh\dhtx-xulyanh1\input\f-1740970641353-526239279.jpeg,ocr_empty,,24BB75,0.953,"[47, 340, 284, 390]",D:\dhtx\xulyanh\dhtx-xulyanh1\input-not-detect-2\f-1740970641353-526239279.jpeg,All OCR texts are empty. Rejected raw OCR: 24BB75
D:\dhtx\xulyanh\dhtx-xulyanh1\input\f-1740975563399-478826788.jpg,ocr_empty,,20259B,0.927,"[734, 2401, 1522, 2588]",D:\dhtx\xulyanh\dhtx-xulyanh1\input-not-detect-2\f-1740975563399-478826788.jpg,All OCR texts are empty. Rejected raw OCR: 20259B
D:\dhtx\xulyanh\dhtx-xulyanh1\input\f-1740983477117-716563954.jpg,ocr_empty,,88,0.349,"[390, 2214, 1090, 2717]",D:\dhtx\xulyanh\dhtx-xulyanh1\input-not-detect-2\f-1740983477117-716563954.jpg,All OCR texts are empty. Rejected raw OCR: 88
D:\dhtx\xulyanh\dhtx-xulyanh1\input\f-1740985231452-539972763.jpg,ok,29M-62126 | 29HT-62126, | ,0.593 | 0.388,"[319, 2328, 1291, 2630] | [721, 2335, 1294, 2616]",,At least one OCR text has a valid Vietnamese plate format.
D:\dhtx\xulyanh\dhtx-xulyanh1\input\f-1740985591177-595990604.jpg,ocr_empty,,0,0.451,"[136, 1817, 1481, 2205]",D:\dhtx\xulyanh\dhtx-xulyanh1\input-not-detect-2\f-1740985591177-595990604.jpg,All OCR texts are empty. Rejected raw OCR: 0
D:\dhtx\xulyanh\dhtx-xulyanh1\input\f-1740986338395-647220794.jpg,ocr_empty,,B0017,0.618,"[116, 1680, 2153, 2141]",D:\dhtx\xulyanh\dhtx-xulyanh1\input-not-detect-2\f-1740986338395-647220794.jpg,All OCR texts are empty. Rejected raw OCR: B0017
D:\dhtx\xulyanh\dhtx-xulyanh1\input\f-1740986486316-899612676.jpg,ocr_empty,,,0.967,"[34, 1953, 1932, 2980]",D:\dhtx\xulyanh\dhtx-xulyanh1\input-not-detect-2\f-1740986486316-899612676.jpg,All OCR texts are empty.
D:\dhtx\xulyanh\dhtx-xulyanh1\input\f-1740989693286-842855740.jpg,ok,37H-03727,,0.977,"[464, 2137, 1548, 2611]",,At least one OCR text has a valid Vietnamese plate format.
D:\dhtx\xulyanh\dhtx-xulyanh1\input\f-1740991698176-47228639.jpeg,ok,29C-88979,,0.823,"[138, 346, 200, 385]",,At least one OCR text has a valid Vietnamese plate format.
D:\dhtx\xulyanh\dhtx-xulyanh1\input\f-1740993884118-566837318.jpeg,ocr_empty,,M3A8875,0.398,"[9, 342, 305, 413]",D:\dhtx\xulyanh\dhtx-xulyanh1\input-not-detect-2\f-1740993884118-566837318.jpeg,All OCR texts are empty. Rejected raw OCR: M3A8875
D:\dhtx\xulyanh\dhtx-xulyanh1\input\f-1740993916090-945917135.jpg,ocr_empty,,,0.841,"[1467, 2033, 2072, 2205]",D:\dhtx\xulyanh\dhtx-xulyanh1\input-not-detect-2\f-1740993916090-945917135.jpg,All OCR texts are empty.
D:\dhtx\xulyanh\dhtx-xulyanh1\input\f-1740994584637-887043005.jpg,ok,99DC-24814,,0.928,"[1677, 1154, 2673, 1729]",,At least one OCR text has a valid Vietnamese plate format.
D:\dhtx\xulyanh\dhtx-xulyanh1\input\f-1740994659608-861013194.jpg,ok,98H-04174,,0.934,"[579, 2189, 1608, 2695]",,At least one OCR text has a valid Vietnamese plate format.
D:\dhtx\xulyanh\dhtx-xulyanh1\input\f-1740995450128-556321645.jpg,ok,29H-39082,,0.919,"[1137, 727, 1470, 938]",,At least one OCR text has a valid Vietnamese plate format.
D:\dhtx\xulyanh\dhtx-xulyanh1\input\f-1740996695077-806056827.jpg,ocr_empty,,9,0.954,"[102, 972, 1178, 1472]",D:\dhtx\xulyanh\dhtx-xulyanh1\input-not-detect-2\f-1740996695077-806056827.jpg,All OCR texts are empty. Rejected raw OCR: 9
D:\dhtx\xulyanh\dhtx-xulyanh1\input\f-1741002463855-232012571.jpeg,ok,88H-00840,,0.847,"[106, 337, 190, 386]",,At least one OCR text has a valid Vietnamese plate format.
D:\dhtx\xulyanh\dhtx-xulyanh1\input\f-1741002465915-478404309.jpg,ok,89BH-00840,,0.858,"[456, 1459, 817, 1672]",,At least one OCR text has a valid Vietnamese plate format.
D:\dhtx\xulyanh\dhtx-xulyanh1\input\f-1741004182374-651092588.jpg,ok,29K-02410,,0.898,"[806, 2471, 1478, 2673]",,At least one OCR text has a valid Vietnamese plate format.
D:\dhtx\xulyanh\dhtx-xulyanh1\input\f-1741007559033-150197270.jpeg,ocr_empty,,7MM29M3001548,0.901,"[116, 353, 232, 385]",D:\dhtx\xulyanh\dhtx-xulyanh1\input-not-detect-2\f-1741007559033-150197270.jpeg,All OCR texts are empty. Rejected raw OCR: 7MM29M3001548
D:\dhtx\xulyanh\dhtx-xulyanh1\input\f-1741013844756-385343271.jpeg,ocr_empty,,0MMAM029XK04832,0.763,"[113, 356, 215, 385]",D:\dhtx\xulyanh\dhtx-xulyanh1\input-not-detect-2\f-1741013844756-385343271.jpeg,All OCR texts are empty. Rejected raw OCR: 0MMAM029XK04832
D:\dhtx\xulyanh\dhtx-xulyanh1\input\f-1741014827310-440536131.jpeg,ocr_empty,,340151,0.876,"[117, 350, 236, 382]",D:\dhtx\xulyanh\dhtx-xulyanh1\input-not-detect-2\f-1741014827310-440536131.jpeg,All OCR texts are empty. Rejected raw OCR: 340151
D:\dhtx\xulyanh\dhtx-xulyanh1\input\f-1741015480321-382592738.jpg,ok,29D-48024,,0.941,"[622, 1934, 1217, 2101]",,At least one OCR text has a valid Vietnamese plate format.
D:\dhtx\xulyanh\dhtx-xulyanh1\input\f-1741015863048-923783886.jpeg,ok,29CD-040.88,,0.857,"[104, 350, 250, 389]",,At least one OCR text has a valid Vietnamese plate format.
D:\dhtx\xulyanh\dhtx-xulyanh1\input\f-1741017494888-174452691.jpg,ocr_empty,,20D5BM,0.939,"[702, 2278, 1461, 2471]",D:\dhtx\xulyanh\dhtx-xulyanh1\input-not-detect-2\f-1741017494888-174452691.jpg,All OCR texts are empty. Rejected raw OCR: 20D5BM
D:\dhtx\xulyanh\dhtx-xulyanh1\input\f-1741018322052-432137053.jpeg,ok,29K-04351,,0.935,"[115, 360, 232, 393]",,At least one OCR text has a valid Vietnamese plate format.
D:\dhtx\xulyanh\dhtx-xulyanh1\input\f-1741026036591-591870983.jpg,ok,37CC-28309,,0.878,"[534, 1521, 817, 1685]",,At least one OCR text has a valid Vietnamese plate format.
D:\dhtx\xulyanh\dhtx-xulyanh1\input\f-1741027559698-863190479.jpg,ok,28H-24658,,0.509,"[852, 2252, 1236, 2525]",,At least one OCR text has a valid Vietnamese plate format.
D:\dhtx\xulyanh\dhtx-xulyanh1\input\f-1741027563427-666045984.jpg,ocr_empty,,42DD16568M7,0.825,"[633, 1977, 1162, 2124]",D:\dhtx\xulyanh\dhtx-xulyanh1\input-not-detect-2\f-1741027563427-666045984.jpg,All OCR texts are empty. Rejected raw OCR: 42DD16568M7
D:\dhtx\xulyanh\dhtx-xulyanh1\input\f-1741027841057-676516638.jpeg,ocr_empty,,290546,0.743,"[98, 345, 213, 380]",D:\dhtx\xulyanh\dhtx-xulyanh1\input-not-detect-2\f-1741027841057-676516638.jpeg,All OCR texts are empty. Rejected raw OCR: 290546
D:\dhtx\xulyanh\dhtx-xulyanh1\input\f-1741035783727-427528847.jpeg,ok,29A-02399,,0.923,"[135, 363, 207, 387]",,At least one OCR text has a valid Vietnamese plate format.
D:\dhtx\xulyanh\dhtx-xulyanh1\input\f-1741044690989-618433630.jpeg,ok,37HD-65400,,0.816,"[147, 357, 211, 399]",,At least one OCR text has a valid Vietnamese plate format.
D:\dhtx\xulyanh\dhtx-xulyanh1\input\f-1741050569379-921353832.jpg,ocr_empty,,MMMMMMMMM,0.934,"[582, 2252, 1669, 2523]",D:\dhtx\xulyanh\dhtx-xulyanh1\input-not-detect-2\f-1741050569379-921353832.jpg,All OCR texts are empty. Rejected raw OCR: MMMMMMMMM
D:\dhtx\xulyanh\dhtx-xulyanh1\input\f-1741055242930-227946696.jpg,ok,37H-05969 | , | 6,0.965 | 0.341,"[595, 2262, 1631, 2719] | [908, 0, 1711, 181]",,At least one OCR text has a valid Vietnamese plate format.
D:\dhtx\xulyanh\dhtx-xulyanh1\input\f-1741059189810-179870200.jpg,ocr_empty,,M3SH02056,0.887,"[639, 1919, 1066, 2148]",D:\dhtx\xulyanh\dhtx-xulyanh1\input-not-detect-2\f-1741059189810-179870200.jpg,All OCR texts are empty. Rejected raw OCR: M3SH02056
D:\dhtx\xulyanh\dhtx-xulyanh1\input\f-1741060299820-434428556.jpg,ok,37H-05510,,0.982,"[312, 1777, 1412, 2325]",,At least one OCR text has a valid Vietnamese plate format.
D:\dhtx\xulyanh\dhtx-xulyanh1\input\f-1741065146472-367318353.jpeg,ok,37F-00361,,0.895,"[126, 358, 210, 405]",,At least one OCR text has a valid Vietnamese plate format.
D:\dhtx\xulyanh\dhtx-xulyanh1\input\f-1741065313223-191922457.jpeg,ok,37CT-32698,,0.887,"[127, 357, 204, 381]",,At least one OCR text has a valid Vietnamese plate format.
D:\dhtx\xulyanh\dhtx-xulyanh1\input\f-1741068939064-23764496.jpg,ocr_empty,,,0.964,"[1879, 1184, 2765, 1689]",D:\dhtx\xulyanh\dhtx-xulyanh1\input-not-detect-2\f-1741068939064-23764496.jpg,All OCR texts are empty.
D:\dhtx\xulyanh\dhtx-xulyanh1\input\f-1741070552339-38614009.jpg,ok,37H-03727,,0.904,"[1060, 1197, 1481, 1408]",,At least one OCR text has a valid Vietnamese plate format.
D:\dhtx\xulyanh\dhtx-xulyanh1\input\f-1741071402281-29857877.jpeg,ocr_empty,,99Z-28270,0.953,"[104, 366, 239, 399]",D:\dhtx\xulyanh\dhtx-xulyanh1\input-not-detect-2\f-1741071402281-29857877.jpeg,All OCR texts are empty. Rejected raw OCR: 99Z-28270
D:\dhtx\xulyanh\dhtx-xulyanh1\input\f-1741071583899-309446172.jpeg,ok,37C-20568,,0.936,"[100, 347, 213, 407]",,At least one OCR text has a valid Vietnamese plate format.
D:\dhtx\xulyanh\dhtx-xulyanh1\input\f-1741071932373-174540715.jpg,ocr_empty,,37MB4,0.985,"[460, 1745, 1528, 2250]",D:\dhtx\xulyanh\dhtx-xulyanh1\input-not-detect-2\f-1741071932373-174540715.jpg,All OCR texts are empty. Rejected raw OCR: 37MB4
D:\dhtx\xulyanh\dhtx-xulyanh1\input\f-1741074325052-572435078.jpg,ocr_empty,,,0.946,"[475, 2064, 1687, 2360]",D:\dhtx\xulyanh\dhtx-xulyanh1\input-not-detect-2\f-1741074325052-572435078.jpg,All OCR texts are empty.
D:\dhtx\xulyanh\dhtx-xulyanh1\input\f-1741084547275-728852247.jpg,ok,29H-72109,,0.934,"[624, 2258, 1384, 2726]",,At least one OCR text has a valid Vietnamese plate format.
D:\dhtx\xulyanh\dhtx-xulyanh1\input\f-1741090858811-292608704.jpeg,ok,37CD-400.44,,0.960,"[116, 366, 204, 412]",,At least one OCR text has a valid Vietnamese plate format.
D:\dhtx\xulyanh\dhtx-xulyanh1\input\f-1741092760090-64936819(1).jpg,ok,37HD-59983,,0.958,"[599, 2246, 1431, 2653]",,At least one OCR text has a valid Vietnamese plate format.
D:\dhtx\xulyanh\dhtx-xulyanh1\input\f-1741092760090-64936819.jpg,ok,37HD-59983,,0.958,"[599, 2246, 1431, 2653]",,At least one OCR text has a valid Vietnamese plate format.
D:\dhtx\xulyanh\dhtx-xulyanh1\input\f-1741095952488-548917294(1).jpg,ok,37C-25347,,0.772,"[167, 166, 554, 349]",,At least one OCR text has a valid Vietnamese plate format.
D:\dhtx\xulyanh\dhtx-xulyanh1\input\f-1741095952488-548917294.jpg,ok,37C-25347,,0.772,"[167, 166, 554, 349]",,At least one OCR text has a valid Vietnamese plate format.
D:\dhtx\xulyanh\dhtx-xulyanh1\input\f-1741097713139-183944449(1).jpeg,ok,37H-00768,,0.973,"[87, 331, 248, 406]",,At least one OCR text has a valid Vietnamese plate format.
D:\dhtx\xulyanh\dhtx-xulyanh1\input\f-1741097713139-183944449.jpeg,ok,37H-00768,,0.973,"[87, 331, 248, 406]",,At least one OCR text has a valid Vietnamese plate format.
D:\dhtx\xulyanh\dhtx-xulyanh1\input\f-1741100575012-413823341(1).jpeg,ok,37CD-000.69,,0.917,"[85, 366, 242, 401]",,At least one OCR text has a valid Vietnamese plate format.
D:\dhtx\xulyanh\dhtx-xulyanh1\input\f-1741100575012-413823341.jpeg,ok,37CD-000.69,,0.917,"[85, 366, 242, 401]",,At least one OCR text has a valid Vietnamese plate format.
D:\dhtx\xulyanh\dhtx-xulyanh1\input\f-1741102132688-751407618(1).jpeg,ok,29KT-09714,,0.938,"[116, 359, 213, 388]",,At least one OCR text has a valid Vietnamese plate format.
D:\dhtx\xulyanh\dhtx-xulyanh1\input\f-1741102132688-751407618.jpeg,ok,29KT-09714,,0.938,"[116, 359, 213, 388]",,At least one OCR text has a valid Vietnamese plate format.
D:\dhtx\xulyanh\dhtx-xulyanh1\input\f-1741110853499-541154725(1).jpeg,ok,13G-3772,,0.886,"[121, 351, 205, 395]",,At least one OCR text has a valid Vietnamese plate format.
D:\dhtx\xulyanh\dhtx-xulyanh1\input\f-1741110853499-541154725.jpeg,ok,13G-3772,,0.886,"[121, 351, 205, 395]",,At least one OCR text has a valid Vietnamese plate format.
D:\dhtx\xulyanh\dhtx-xulyanh1\input\f-1741115871994-201933895(1).jpeg,ok,29AK-02410,,0.889,"[121, 356, 227, 386]",,At least one OCR text has a valid Vietnamese plate format.
D:\dhtx\xulyanh\dhtx-xulyanh1\input\f-1741115871994-201933895.jpeg,ok,29AK-02410,,0.889,"[121, 356, 227, 386]",,At least one OCR text has a valid Vietnamese plate format.
D:\dhtx\xulyanh\dhtx-xulyanh1\input\f-1741116421561-639857407(1).jpeg,ocr_empty,,90Z-0267,0.896,"[100, 360, 228, 396]",D:\dhtx\xulyanh\dhtx-xulyanh1\input-not-detect-2\f-1741116421561-639857407(1).jpeg,All OCR texts are empty. Rejected raw OCR: 90Z-0267
D:\dhtx\xulyanh\dhtx-xulyanh1\input\f-1741116421561-639857407.jpeg,ocr_empty,,90Z-0267,0.896,"[100, 360, 228, 396]",D:\dhtx\xulyanh\dhtx-xulyanh1\input-not-detect-2\f-1741116421561-639857407.jpeg,All OCR texts are empty. Rejected raw OCR: 90Z-0267
D:\dhtx\xulyanh\dhtx-xulyanh1\input\f-1741120615602-222270997(1).jpg,no_plate_detected,,,,,D:\dhtx\xulyanh\dhtx-xulyanh1\input-not-detect-2\f-1741120615602-222270997(1).jpg,Pipeline returned no plate result.
D:\dhtx\xulyanh\dhtx-xulyanh1\input\f-1741120615602-222270997.jpg,no_plate_detected,,,,,D:\dhtx\xulyanh\dhtx-xulyanh1\input-not-detect-2\f-1741120615602-222270997.jpg,Pipeline returned no plate result.
D:\dhtx\xulyanh\dhtx-xulyanh1\input\f-1741134625449-868594154(1).jpg,ok,29K-10537,,0.883,"[552, 1514, 862, 1686]",,At least one OCR text has a valid Vietnamese plate format.
D:\dhtx\xulyanh\dhtx-xulyanh1\input\f-1741134625449-868594154.jpg,ok,29K-10537,,0.883,"[552, 1514, 862, 1686]",,At least one OCR text has a valid Vietnamese plate format.
D:\dhtx\xulyanh\dhtx-xulyanh1\input\f-1741136094790-878675281.jpg,ok,33D-0014,,0.915,"[557, 1607, 840, 1687]",,At least one OCR text has a valid Vietnamese plate format.
D:\dhtx\xulyanh\dhtx-xulyanh1\input\f-1741136765815-143335814.jpeg,ok,37H-03727,,0.888,"[129, 361, 214, 406]",,At least one OCR text has a valid Vietnamese plate format.
D:\dhtx\xulyanh\dhtx-xulyanh1\input\f-1741137012422-199290419.jpg,ok,37H-05536,,0.923,"[657, 1902, 1189, 2173]",,At least one OCR text has a valid Vietnamese plate format.
D:\dhtx\xulyanh\dhtx-xulyanh1\input\f-1741147573399-810789105.jpg,ok,37H-04588,,0.873,"[504, 1499, 816, 1677]",,At least one OCR text has a valid Vietnamese plate format.
D:\dhtx\xulyanh\dhtx-xulyanh1\input\f-1741149122705-184533577.jpg,ocr_empty,,,0.876,"[754, 2413, 1510, 2600]",D:\dhtx\xulyanh\dhtx-xulyanh1\input-not-detect-2\f-1741149122705-184533577.jpg,All OCR texts are empty.
D:\dhtx\xulyanh\dhtx-xulyanh1\input\f-1741151870981-117539133.jpg,ok,37FE-00361,,0.931,"[791, 2249, 1369, 2578]",,At least one OCR text has a valid Vietnamese plate format.
D:\dhtx\xulyanh\dhtx-xulyanh1\input\f-1741157757902-410277542.jpeg,ok,37H-04588,,0.909,"[119, 337, 221, 389]",,At least one OCR text has a valid Vietnamese plate format.
D:\dhtx\xulyanh\dhtx-xulyanh1\input\f-1741157846609-283061009.jpg,ok,37H-03066,,0.891,"[551, 1534, 848, 1717]",,At least one OCR text has a valid Vietnamese plate format.
D:\dhtx\xulyanh\dhtx-xulyanh1\input\f-1741158177739-607336558.jpeg,ok,37H-05999,,0.884,"[128, 344, 210, 388]",,At least one OCR text has a valid Vietnamese plate format.
D:\dhtx\xulyanh\dhtx-xulyanh1\input\f-1741158758679-556882673.jpg,ocr_empty,,,0.842,"[1647, 1978, 1908, 2178]",D:\dhtx\xulyanh\dhtx-xulyanh1\input-not-detect-2\f-1741158758679-556882673.jpg,All OCR texts are empty.
D:\dhtx\xulyanh\dhtx-xulyanh1\input\f-1741159071589-61595792.jpeg,ok,29G-00590,,0.904,"[148, 356, 213, 398]",,At least one OCR text has a valid Vietnamese plate format.
D:\dhtx\xulyanh\dhtx-xulyanh1\input\f-1741160605113-291932094.jpeg,ocr_empty,,429K12622,0.914,"[115, 361, 227, 390]",D:\dhtx\xulyanh\dhtx-xulyanh1\input-not-detect-2\f-1741160605113-291932094.jpeg,All OCR texts are empty. Rejected raw OCR: 429K12622
D:\dhtx\xulyanh\dhtx-xulyanh1\input\f-1741162249381-405127338.jpg,ok,88BH-01760,,0.856,"[544, 2908, 977, 3204]",,At least one OCR text has a valid Vietnamese plate format.
D:\dhtx\xulyanh\dhtx-xulyanh1\input\f-1741162290867-565825686.jpg,ok,37H-04588,,0.866,"[468, 1427, 815, 1618]",,At least one OCR text has a valid Vietnamese plate format.
D:\dhtx\xulyanh\dhtx-xulyanh1\input\f-1741162359553-713517710.jpg,ok,37HD-08802,,0.926,"[217, 1768, 1550, 2356]",,At least one OCR text has a valid Vietnamese plate format.
D:\dhtx\xulyanh\dhtx-xulyanh1\input\f-1741162501750-244327073.jpg,no_plate_detected,,,,,D:\dhtx\xulyanh\dhtx-xulyanh1\input-not-detect-2\f-1741162501750-244327073.jpg,Pipeline returned no plate result.
D:\dhtx\xulyanh\dhtx-xulyanh1\input\f-1741162681089-972591659.jpg,ok,37F-00361,,0.925,"[747, 1913, 1139, 2138]",,At least one OCR text has a valid Vietnamese plate format.
D:\dhtx\xulyanh\dhtx-xulyanh1\input\f-1741166175585-369020324.jpg,no_plate_detected,,,,,D:\dhtx\xulyanh\dhtx-xulyanh1\input-not-detect-2\f-1741166175585-369020324.jpg,Pipeline returned no plate result.
D:\dhtx\xulyanh\dhtx-xulyanh1\input\f-1741168249650-194375098.jpg,ocr_empty,,,0.967,"[1973, 1532, 2930, 2037]",D:\dhtx\xulyanh\dhtx-xulyanh1\input-not-detect-2\f-1741168249650-194375098.jpg,All OCR texts are empty.
D:\dhtx\xulyanh\dhtx-xulyanh1\input\f-1741169992286-850192511.jpg,ocr_empty,,,0.847,"[2906, 1100, 3704, 1317]",D:\dhtx\xulyanh\dhtx-xulyanh1\input-not-detect-2\f-1741169992286-850192511.jpg,All OCR texts are empty.
D:\dhtx\xulyanh\dhtx-xulyanh1\input\f-1741172536932-392362998.jpg,ocr_empty,,890351,0.440,"[360, 702, 572, 752]",D:\dhtx\xulyanh\dhtx-xulyanh1\input-not-detect-2\f-1741172536932-392362998.jpg,All OCR texts are empty. Rejected raw OCR: 890351
D:\dhtx\xulyanh\dhtx-xulyanh1\input\f-1741172560681-909901621.jpg,ok,99C-12694,,0.979,"[405, 428, 838, 630]",,At least one OCR text has a valid Vietnamese plate format.
D:\dhtx\xulyanh\dhtx-xulyanh1\input\f-1741172935576-597837784.jpeg,ok,29KT-07459,,0.955,"[86, 356, 269, 398]",,At least one OCR text has a valid Vietnamese plate format.
D:\dhtx\xulyanh\dhtx-xulyanh1\input\f-1741175680725-596957430.jpg,ok,37C-52880,,0.871,"[365, 887, 526, 985]",,At least one OCR text has a valid Vietnamese plate format.
D:\dhtx\xulyanh\dhtx-xulyanh1\input\f-1741176524643-909475275.jpg,ok,29CB-86070 | , | 1,0.802 | 0.293,"[567, 705, 735, 797] | [529, 88, 768, 181]",,At least one OCR text has a valid Vietnamese plate format.
D:\dhtx\xulyanh\dhtx-xulyanh1\input\f-1741182164664-946169247.jpg,ok,20F-00567,,0.860,"[689, 1914, 1057, 2124]",,At least one OCR text has a valid Vietnamese plate format.
D:\dhtx\xulyanh\dhtx-xulyanh1\input\f-1741183376989-677504360.jpeg,ok,37H-05842,,0.957,"[111, 342, 245, 412]",,At least one OCR text has a valid Vietnamese plate format.
D:\dhtx\xulyanh\dhtx-xulyanh1\input\f-1741183674530-723290111.jpeg,ok,20C-06296,,0.851,"[127, 356, 221, 405]",,At least one OCR text has a valid Vietnamese plate format.
D:\dhtx\xulyanh\dhtx-xulyanh1\input\f-1741183727401-634238662.jpg,ok,34F-01233,,0.893,"[397, 1176, 610, 1310]",,At least one OCR text has a valid Vietnamese plate format.
D:\dhtx\xulyanh\dhtx-xulyanh1\input\f-1741184600597-877551585.jpg,ok,20C-06856,,0.928,"[735, 1936, 1102, 2138]",,At least one OCR text has a valid Vietnamese plate format.
D:\dhtx\xulyanh\dhtx-xulyanh1\input\f-1741185928884-18497514.jpeg,ok,20C-06287,,0.927,"[125, 357, 223, 410]",,At least one OCR text has a valid Vietnamese plate format.
D:\dhtx\xulyanh\dhtx-xulyanh1\input\f-1741188955474-865708276.jpg,ok,29H-57507,,0.311,"[82, 1845, 2101, 3181]",,At least one OCR text has a valid Vietnamese plate format.
D:\dhtx\xulyanh\dhtx-xulyanh1\input\f-1741192252985-577407177.jpg,ocr_empty,,2970405,0.951,"[453, 2226, 1754, 2544]",D:\dhtx\xulyanh\dhtx-xulyanh1\input-not-detect-2\f-1741192252985-577407177.jpg,All OCR texts are empty. Rejected raw OCR: 2970405
D:\dhtx\xulyanh\dhtx-xulyanh1\input\f-1741192275853-921470926.jpeg,ok,29K-04065,,0.963,"[69, 347, 264, 396]",,At least one OCR text has a valid Vietnamese plate format.
D:\dhtx\xulyanh\dhtx-xulyanh1\input\f-1741193113871-660920417.jpg,ocr_empty,,98BHC300072,0.786,"[314, 296, 422, 360]",D:\dhtx\xulyanh\dhtx-xulyanh1\input-not-detect-2\f-1741193113871-660920417.jpg,All OCR texts are empty. Rejected raw OCR: 98BHC300072
D:\dhtx\xulyanh\dhtx-xulyanh1\input\f-1741201217277-335141654.jpg,ok,29D-41154,,0.911,"[727, 2248, 1453, 2451]",,At least one OCR text has a valid Vietnamese plate format.
D:\dhtx\xulyanh\dhtx-xulyanh1\input\f-1741203422860-981183787.jpg,ok,20CC-06170,,0.899,"[845, 2278, 1377, 2569]",,At least one OCR text has a valid Vietnamese plate format.
D:\dhtx\xulyanh\dhtx-xulyanh1\input\f-1741210332776-777212025.jpeg,ok,29D-4351,,0.877,"[96, 358, 244, 396]",,At least one OCR text has a valid Vietnamese plate format.
D:\dhtx\xulyanh\dhtx-xulyanh1\input\f-1741215411530-136629278.jpg,ok,34C-17296,,0.892,"[751, 2153, 1348, 2493]",,At least one OCR text has a valid Vietnamese plate format.
D:\dhtx\xulyanh\dhtx-xulyanh1\input\f-1741215672578-647823656.jpg,ok,20C-06287,,0.897,"[750, 2329, 1414, 2665]",,At least one OCR text has a valid Vietnamese plate format.
D:\dhtx\xulyanh\dhtx-xulyanh1\input\f-1741222494688-502977724.jpg,ok,37H-04594,,0.893,"[829, 2446, 1413, 2740]",,At least one OCR text has a valid Vietnamese plate format.
D:\dhtx\xulyanh\dhtx-xulyanh1\input\f-1741223146734-922864331.jpeg,ok,20CD-678.82,,0.909,"[131, 354, 206, 391]",,At least one OCR text has a valid Vietnamese plate format.
D:\dhtx\xulyanh\dhtx-xulyanh1\input\f-1741223819464-687278248.jpg,ocr_empty,,5,0.365,"[52, 243, 76, 261]",D:\dhtx\xulyanh\dhtx-xulyanh1\input-not-detect-2\f-1741223819464-687278248.jpg,All OCR texts are empty. Rejected raw OCR: 5
D:\dhtx\xulyanh\dhtx-xulyanh1\input\f-1741227495033-104398130.jpeg,ok,37H-01971,,0.948,"[121, 354, 199, 396]",,At least one OCR text has a valid Vietnamese plate format.
D:\dhtx\xulyanh\dhtx-xulyanh1\input\f-1741228878039-869427649.jpeg,ok,34C-23563,,0.906,"[120, 364, 193, 404]",,At least one OCR text has a valid Vietnamese plate format.
D:\dhtx\xulyanh\dhtx-xulyanh1\input\f-1741229584637-678795977.jpg,ocr_empty,,740178,0.960,"[657, 2292, 1511, 2535]",D:\dhtx\xulyanh\dhtx-xulyanh1\input-not-detect-2\f-1741229584637-678795977.jpg,All OCR texts are empty. Rejected raw OCR: 740178
D:\dhtx\xulyanh\dhtx-xulyanh1\input\f-1741232740669-729121589.jpeg,ok,37L-40537,,0.912,"[115, 355, 224, 388]",,At least one OCR text has a valid Vietnamese plate format.
D:\dhtx\xulyanh\dhtx-xulyanh1\input\f-1741233034611-607362542.jpeg,ocr_empty,,3747,0.900,"[10, 342, 294, 402]",D:\dhtx\xulyanh\dhtx-xulyanh1\input-not-detect-2\f-1741233034611-607362542.jpeg,All OCR texts are empty. Rejected raw OCR: 3747
D:\dhtx\xulyanh\dhtx-xulyanh1\input\f-1741239945748-243851668.jpg,ok,37H-04594,,0.905,"[903, 2369, 1558, 2734]",,At least one OCR text has a valid Vietnamese plate format.
D:\dhtx\xulyanh\dhtx-xulyanh1\input\f-1741243697547-761036504.jpeg,ok,37H-04573,,0.902,"[130, 351, 211, 390]",,At least one OCR text has a valid Vietnamese plate format.
D:\dhtx\xulyanh\dhtx-xulyanh1\input\f-1741244522053-280280607.jpg,ok,38N-5498,,0.870,"[1624, 2320, 2289, 2666]",,At least one OCR text has a valid Vietnamese plate format.
D:\dhtx\xulyanh\dhtx-xulyanh1\input\f-1741244784970-358088642.jpg,ok,37D-1971,,0.934,"[1004, 2425, 1463, 2679]",,At least one OCR text has a valid Vietnamese plate format.
D:\dhtx\xulyanh\dhtx-xulyanh1\input\f-1741245582111-501411355.jpg,ok,38C-10874,,0.777,"[700, 2335, 1322, 2745]",,At least one OCR text has a valid Vietnamese plate format.
D:\dhtx\xulyanh\dhtx-xulyanh1\input\f-1741246376888-983331785.jpeg,ok,37E-00688,,0.879,"[122, 341, 207, 386]",,At least one OCR text has a valid Vietnamese plate format.
D:\dhtx\xulyanh\dhtx-xulyanh1\input\f-1741247044073-914795868.jpg,ocr_empty,,,0.902,"[425, 2004, 985, 2364]",D:\dhtx\xulyanh\dhtx-xulyanh1\input-not-detect-2\f-1741247044073-914795868.jpg,All OCR texts are empty.
D:\dhtx\xulyanh\dhtx-xulyanh1\input\f-1741247276695-453068244.jpg,ocr_empty,,,0.901,"[1450, 1530, 2040, 1725]",D:\dhtx\xulyanh\dhtx-xulyanh1\input-not-detect-2\f-1741247276695-453068244.jpg,All OCR texts are empty.
D:\dhtx\xulyanh\dhtx-xulyanh1\input\f-1741250819490-715158215.jpg,ocr_empty,,,0.917,"[829, 839, 2598, 1748]",D:\dhtx\xulyanh\dhtx-xulyanh1\input-not-detect-2\f-1741250819490-715158215.jpg,All OCR texts are empty.
D:\dhtx\xulyanh\dhtx-xulyanh1\input\f-1741251045641-831677968.jpg,ok,37H-02657,,0.886,"[852, 2415, 1553, 2761]",,At least one OCR text has a valid Vietnamese plate format.
D:\dhtx\xulyanh\dhtx-xulyanh1\input\f-1741253120873-874980582.jpg,ok,98TC-35392,,0.927,"[764, 2264, 1279, 2404]",,At least one OCR text has a valid Vietnamese plate format.
D:\dhtx\xulyanh\dhtx-xulyanh1\input\f-1741253906383-678673385.jpg,ok,37C-40586,,0.272,"[1950, 1566, 2345, 1862]",,At least one OCR text has a valid Vietnamese plate format.
D:\dhtx\xulyanh\dhtx-xulyanh1\input\f-1741254204658-429246218.jpeg,ok,38C-12182,,0.951,"[134, 364, 190, 397]",,At least one OCR text has a valid Vietnamese plate format.
D:\dhtx\xulyanh\dhtx-xulyanh1\input\f-1741255441383-235004974.jpeg,ok,37HD-25579,,0.891,"[125, 356, 215, 405]",,At least one OCR text has a valid Vietnamese plate format.
D:\dhtx\xulyanh\dhtx-xulyanh1\input\f-1741257360719-3474411.jpg,ok,37MD-99217,,0.922,"[738, 2283, 1389, 2450]",,At least one OCR text has a valid Vietnamese plate format.
D:\dhtx\xulyanh\dhtx-xulyanh1\input\f-1741260367046-210021294.jpeg,ok,20DC-27569,,0.921,"[127, 351, 208, 396]",,At least one OCR text has a valid Vietnamese plate format.
D:\dhtx\xulyanh\dhtx-xulyanh1\input\f-1741260992051-725859717.jpg,ok,34H-00658,,0.906,"[430, 1173, 633, 1291]",,At least one OCR text has a valid Vietnamese plate format.
D:\dhtx\xulyanh\dhtx-xulyanh1\input\f-1741266405256-249008939.jpg,no_plate_detected,,,,,D:\dhtx\xulyanh\dhtx-xulyanh1\input-not-detect-2\f-1741266405256-249008939.jpg,Pipeline returned no plate result.
D:\dhtx\xulyanh\dhtx-xulyanh1\input\f-1741276683377-233890691.jpeg,ocr_empty,,M3ASE01170,0.891,"[111, 375, 205, 401]",D:\dhtx\xulyanh\dhtx-xulyanh1\input-not-detect-2\f-1741276683377-233890691.jpeg,All OCR texts are empty. Rejected raw OCR: M3ASE01170
D:\dhtx\xulyanh\dhtx-xulyanh1\input\f-1741279433167-505122893.jpeg,ok,20HG-02381,,0.929,"[126, 370, 200, 408]",,At least one OCR text has a valid Vietnamese plate format.
D:\dhtx\xulyanh\dhtx-xulyanh1\input\f-1741303522412-149044408.jpg,ok,37H-05053,,0.989,"[369, 1801, 1498, 2395]",,At least one OCR text has a valid Vietnamese plate format.
D:\dhtx\xulyanh\dhtx-xulyanh1\input\f-1741305547279-324754505.jpg,ok,29H-85001,,0.923,"[752, 2361, 1275, 2646]",,At least one OCR text has a valid Vietnamese plate format.
D:\dhtx\xulyanh\dhtx-xulyanh1\input\f-1741308346832-929945339.jpeg,ok,37H-02621,,0.970,"[78, 338, 258, 422]",,At least one OCR text has a valid Vietnamese plate format.
D:\dhtx\xulyanh\dhtx-xulyanh1\input\f-1741308434871-119052609.jpg,ok,37H-01595,,0.881,"[837, 2296, 1255, 2489]",,At least one OCR text has a valid Vietnamese plate format.
D:\dhtx\xulyanh\dhtx-xulyanh1\input\f-1741308972461-909824002.jpeg,ocr_empty,,737C5310M,0.812,"[106, 343, 235, 378]",D:\dhtx\xulyanh\dhtx-xulyanh1\input-not-detect-2\f-1741308972461-909824002.jpeg,All OCR texts are empty. Rejected raw OCR: 737C5310M
D:\dhtx\xulyanh\dhtx-xulyanh1\input\f-1741311413905-283530778.jpeg,ok,37H-05510,,0.964,"[72, 308, 286, 421]",,At least one OCR text has a valid Vietnamese plate format.
D:\dhtx\xulyanh\dhtx-xulyanh1\input\f-1741312199226-694362054.jpg,ok,37H-05078,,0.957,"[374, 1691, 1510, 2271]",,At least one OCR text has a valid Vietnamese plate format.
D:\dhtx\xulyanh\dhtx-xulyanh1\input\f-1741313336247-987302061.jpg,ocr_empty,,37TT3269M,0.914,"[729, 2304, 1400, 2480]",D:\dhtx\xulyanh\dhtx-xulyanh1\input-not-detect-2\f-1741313336247-987302061.jpg,All OCR texts are empty. Rejected raw OCR: 37TT3269M
D:\dhtx\xulyanh\dhtx-xulyanh1\input\f-1741313887533-622891217.jpeg,ocr_empty,,837H05999,0.893,"[125, 338, 214, 382]",D:\dhtx\xulyanh\dhtx-xulyanh1\input-not-detect-2\f-1741313887533-622891217.jpeg,All OCR texts are empty. Rejected raw OCR: 837H05999
D:\dhtx\xulyanh\dhtx-xulyanh1\input\f-1741313984248-897688635.jpeg,ok,36GH-03695,,0.976,"[77, 315, 276, 413]",,At least one OCR text has a valid Vietnamese plate format.
D:\dhtx\xulyanh\dhtx-xulyanh1\input\f-1741314561194-838190364.jpeg,ocr_empty,,44C7H03941,0.912,"[121, 332, 208, 375]",D:\dhtx\xulyanh\dhtx-xulyanh1\input-not-detect-2\f-1741314561194-838190364.jpeg,All OCR texts are empty. Rejected raw OCR: 44C7H03941
D:\dhtx\xulyanh\dhtx-xulyanh1\input\f-1741315734822-187690986.jpg,ocr_empty,,36TC07298MM,0.879,"[754, 2304, 1328, 2453]",D:\dhtx\xulyanh\dhtx-xulyanh1\input-not-detect-2\f-1741315734822-187690986.jpg,All OCR texts are empty. Rejected raw OCR: 36TC07298MM
D:\dhtx\xulyanh\dhtx-xulyanh1\input\f-1741315937439-394669833.jpg,ocr_empty,,36TC07298MM,0.937,"[745, 2310, 1351, 2473]",D:\dhtx\xulyanh\dhtx-xulyanh1\input-not-detect-2\f-1741315937439-394669833.jpg,All OCR texts are empty. Rejected raw OCR: 36TC07298MM
D:\dhtx\xulyanh\dhtx-xulyanh1\input\f-1741322712560-552029246.jpg,ok,37H-04584,,0.965,"[577, 2139, 1506, 2658]",,At least one OCR text has a valid Vietnamese plate format.
D:\dhtx\xulyanh\dhtx-xulyanh1\input\f-1741323999895-662262540.jpg,ok,37H-02557,,0.942,"[527, 2175, 1641, 2693]",,At least one OCR text has a valid Vietnamese plate format.
D:\dhtx\xulyanh\dhtx-xulyanh1\input\f-1741330415701-975400749.jpg,ok,37NH-04585,,0.984,"[367, 2003, 1704, 2657]",,At least one OCR text has a valid Vietnamese plate format.
D:\dhtx\xulyanh\dhtx-xulyanh1\input\f-1741330932132-320865038.jpg,ok,20D-29504,,0.960,"[530, 2377, 1582, 2627]",,At least one OCR text has a valid Vietnamese plate format.
D:\dhtx\xulyanh\dhtx-xulyanh1\input\f-1741331080572-244765842.jpeg,ok,37G-00048,,0.979,"[79, 332, 234, 412]",,At least one OCR text has a valid Vietnamese plate format.
D:\dhtx\xulyanh\dhtx-xulyanh1\input\f-1741331698543-599831788.jpg,ocr_empty,,B21B8,0.951,"[209, 1358, 902, 1843]",D:\dhtx\xulyanh\dhtx-xulyanh1\input-not-detect-2\f-1741331698543-599831788.jpg,All OCR texts are empty. Rejected raw OCR: B21B8
D:\dhtx\xulyanh\dhtx-xulyanh1\input\f-1741331917315-150015818.jpeg,ok,36H-05598,,0.977,"[90, 330, 252, 410]",,At least one OCR text has a valid Vietnamese plate format.
D:\dhtx\xulyanh\dhtx-xulyanh1\input\f-1741335153515-504055208.jpeg,ocr_empty,,437C52880,0.958,"[108, 346, 240, 420]",D:\dhtx\xulyanh\dhtx-xulyanh1\input-not-detect-2\f-1741335153515-504055208.jpeg,All OCR texts are empty. Rejected raw OCR: 437C52880
D:\dhtx\xulyanh\dhtx-xulyanh1\input\f-1741335395001-19023054.jpg,ocr_empty,,MMBB75,0.926,"[119, 1464, 1106, 1707]",D:\dhtx\xulyanh\dhtx-xulyanh1\input-not-detect-2\f-1741335395001-19023054.jpg,All OCR texts are empty. Rejected raw OCR: MMBB75
D:\dhtx\xulyanh\dhtx-xulyanh1\input\f-1741337326736-613548071.jpeg,ok,36C-49173,,0.880,"[105, 359, 212, 388]",,At least one OCR text has a valid Vietnamese plate format.
D:\dhtx\xulyanh\dhtx-xulyanh1\input\f-1741338313412-325920519.jpg,ok,37EF-00361 | , | ,0.944 | 0.291,"[1266, 2108, 1944, 2479] | [2986, 581, 3119, 781]",,At least one OCR text has a valid Vietnamese plate format.
D:\dhtx\xulyanh\dhtx-xulyanh1\input\f-1741340884259-47788173.jpg,ocr_empty,,,0.846,"[2415, 1987, 3114, 2183]",D:\dhtx\xulyanh\dhtx-xulyanh1\input-not-detect-2\f-1741340884259-47788173.jpg,All OCR texts are empty.
D:\dhtx\xulyanh\dhtx-xulyanh1\input\f-1741341043276-251333421.jpg,ok,37M-07725,,0.962,"[609, 2238, 1587, 2680]",,At least one OCR text has a valid Vietnamese plate format.
D:\dhtx\xulyanh\dhtx-xulyanh1\input\f-1741342071660-483199615.jpg,ocr_empty,,,0.886,"[351, 1648, 1020, 2099]",D:\dhtx\xulyanh\dhtx-xulyanh1\input-not-detect-2\f-1741342071660-483199615.jpg,All OCR texts are empty.
D:\dhtx\xulyanh\dhtx-xulyanh1\input\f-1741351889381-399312128.jpg,ok,29T-1969,,0.932,"[272, 618, 655, 737]",,At least one OCR text has a valid Vietnamese plate format.
D:\dhtx\xulyanh\dhtx-xulyanh1\input\f-1741353959111-611447465.jpg,ok,15H-03364,,0.901,"[396, 668, 612, 776]",,At least one OCR text has a valid Vietnamese plate format.
D:\dhtx\xulyanh\dhtx-xulyanh1\input\f-1741356224979-434302077.jpeg,ok,37H-00803,,0.716,"[0, 260, 309, 419]",,At least one OCR text has a valid Vietnamese plate format.
D:\dhtx\xulyanh\dhtx-xulyanh1\input\f-1741359015159-297427306.jpg,ok,98DC-30722,,0.930,"[371, 693, 604, 819]",,At least one OCR text has a valid Vietnamese plate format.
D:\dhtx\xulyanh\dhtx-xulyanh1\input\f-1741362579285-960698431.jpeg,no_plate_detected,,,,,D:\dhtx\xulyanh\dhtx-xulyanh1\input-not-detect-2\f-1741362579285-960698431.jpeg,Pipeline returned no plate result.
D:\dhtx\xulyanh\dhtx-xulyanh1\input\f-1741363904935-69343063.jpg,ok,29K-10537,,0.870,"[807, 2390, 1455, 2719]",,At least one OCR text has a valid Vietnamese plate format.
D:\dhtx\xulyanh\dhtx-xulyanh1\input\f-1741363949181-98307370.jpg,ok,29D-43514,,0.858,"[646, 2315, 1429, 2526]",,At least one OCR text has a valid Vietnamese plate format.
D:\dhtx\xulyanh\dhtx-xulyanh1\input\f-1741370904456-229705523.jpg,ok,10D-00141,,0.923,"[744, 2367, 1475, 2583]",,At least one OCR text has a valid Vietnamese plate format.
D:\dhtx\xulyanh\dhtx-xulyanh1\input\f-1741371159866-912355551.jpg,ok,98CD-001.08 | , | ,0.960 | 0.436,"[493, 481, 792, 637] | [235, 508, 379, 599]",,At least one OCR text has a valid Vietnamese plate format.
D:\dhtx\xulyanh\dhtx-xulyanh1\input\f-1741371676195-648546594.jpg,ok,98CD-001.08,,0.905,"[350, 601, 653, 758]",,At least one OCR text has a valid Vietnamese plate format.
D:\dhtx\xulyanh\dhtx-xulyanh1\input\f-1741372124627-680432616.jpg,ok,98C-29418,,0.947,"[300, 836, 468, 941]",,At least one OCR text has a valid Vietnamese plate format.
D:\dhtx\xulyanh\dhtx-xulyanh1\input\f-1741376356914-616665602.jpg,ok,29CD-004.37 | , | 4,0.944 | 0.417,"[256, 200, 788, 397] | [0, 1003, 167, 1074]",,At least one OCR text has a valid Vietnamese plate format.
D:\dhtx\xulyanh\dhtx-xulyanh1\input\f-1741377326200-995954258.jpeg,ok,37CD-001.43,,0.925,"[106, 350, 237, 381]",,At least one OCR text has a valid Vietnamese plate format.
D:\dhtx\xulyanh\dhtx-xulyanh1\input\f-1741382367441-737149087.jpeg,ok,20CT-09988,,0.703,"[131, 373, 225, 398]",,At least one OCR text has a valid Vietnamese plate format.
D:\dhtx\xulyanh\dhtx-xulyanh1\input\f-1741383215179-289884234.jpg,ocr_empty,,98BC307225,0.889,"[365, 768, 536, 869]",D:\dhtx\xulyanh\dhtx-xulyanh1\input-not-detect-2\f-1741383215179-289884234.jpg,All OCR texts are empty. Rejected raw OCR: 98BC307225
D:\dhtx\xulyanh\dhtx-xulyanh1\input\f-1741390989017-454048006.jpg,ocr_empty,,000,0.857,"[23, 1009, 1623, 1400]",D:\dhtx\xulyanh\dhtx-xulyanh1\input-not-detect-2\f-1741390989017-454048006.jpg,All OCR texts are empty. Rejected raw OCR: 000
D:\dhtx\xulyanh\dhtx-xulyanh1\input\f-1741391549898-344390698.jpeg,ok,37H-05687,,0.933,"[105, 347, 224, 407]",,At least one OCR text has a valid Vietnamese plate format.
D:\dhtx\xulyanh\dhtx-xulyanh1\input\f-1741392939553-803681672.jpeg,ok,29F-05477,,0.905,"[110, 344, 227, 400]",,At least one OCR text has a valid Vietnamese plate format.
D:\dhtx\xulyanh\dhtx-xulyanh1\input\f-1741393179099-732318826.jpeg,ok,37H-04594,,0.964,"[73, 307, 282, 419]",,At least one OCR text has a valid Vietnamese plate format.
D:\dhtx\xulyanh\dhtx-xulyanh1\input\f-1741394312555-302124116.jpg,ok,99C-08424,,0.898,"[546, 1459, 872, 1645]",,At least one OCR text has a valid Vietnamese plate format.
D:\dhtx\xulyanh\dhtx-xulyanh1\input\f-1741398662631-988027916.jpg,ocr_empty,,,0.922,"[1038, 2159, 1493, 2429]",D:\dhtx\xulyanh\dhtx-xulyanh1\input-not-detect-2\f-1741398662631-988027916.jpg,All OCR texts are empty.
D:\dhtx\xulyanh\dhtx-xulyanh1\input\f-1741400351673-232071177.jpg,ocr_empty,,9590172,0.919,"[2585, 583, 3000, 1004]",D:\dhtx\xulyanh\dhtx-xulyanh1\input-not-detect-2\f-1741400351673-232071177.jpg,All OCR texts are empty. Rejected raw OCR: 9590172
D:\dhtx\xulyanh\dhtx-xulyanh1\input\f-1741402328157-1530590.jpg,ok,37H-00891,,0.953,"[729, 2229, 1436, 2576]",,At least one OCR text has a valid Vietnamese plate format.
D:\dhtx\xulyanh\dhtx-xulyanh1\input\f-1741404421821-114944705.jpeg,ok,37H-05078,,0.985,"[87, 339, 249, 413]",,At least one OCR text has a valid Vietnamese plate format.
D:\dhtx\xulyanh\dhtx-xulyanh1\input\f-1741404473357-549311323.jpg,ocr_empty,,,0.350,"[2359, 245, 2996, 480]",D:\dhtx\xulyanh\dhtx-xulyanh1\input-not-detect-2\f-1741404473357-549311323.jpg,All OCR texts are empty.
D:\dhtx\xulyanh\dhtx-xulyanh1\input\f-1741405058824-388473821.jpeg,ocr_empty,,500450,0.861,"[32, 363, 296, 412]",D:\dhtx\xulyanh\dhtx-xulyanh1\input-not-detect-2\f-1741405058824-388473821.jpeg,All OCR texts are empty. Rejected raw OCR: 500450
D:\dhtx\xulyanh\dhtx-xulyanh1\input\f-1741406432914-331490549.jpg,ocr_empty,,82DDC327569,0.880,"[807, 2330, 1473, 2666]",D:\dhtx\xulyanh\dhtx-xulyanh1\input-not-detect-2\f-1741406432914-331490549.jpg,All OCR texts are empty. Rejected raw OCR: 82DDC327569
D:\dhtx\xulyanh\dhtx-xulyanh1\input\f-1741407249517-282851866.jpg,ok,37H-04558,,0.809,"[85, 1940, 2098, 2892]",,At least one OCR text has a valid Vietnamese plate format.
D:\dhtx\xulyanh\dhtx-xulyanh1\input\f-1741416820625-455948715.jpg,ok,15D-7221,,0.905,"[462, 2321, 1654, 2572]",,At least one OCR text has a valid Vietnamese plate format.
D:\dhtx\xulyanh\dhtx-xulyanh1\input\f-1741416970523-891544689.jpg,ocr_empty,,37502B,0.915,"[744, 2258, 1336, 2404]",D:\dhtx\xulyanh\dhtx-xulyanh1\input-not-detect-2\f-1741416970523-891544689.jpg,All OCR texts are empty. Rejected raw OCR: 37502B
D:\dhtx\xulyanh\dhtx-xulyanh1\input\f-1741425280192-562948410.jpg,ok,15S-01507,,0.930,"[356, 1198, 930, 1535]",,At least one OCR text has a valid Vietnamese plate format.
D:\dhtx\xulyanh\dhtx-xulyanh1\input\f-1741427531786-820039543.jpeg,ok,29H-84051,,0.908,"[130, 352, 191, 389]",,At least one OCR text has a valid Vietnamese plate format.
D:\dhtx\xulyanh\dhtx-xulyanh1\input\f-1741432063390-131325456.jpg,ok,37H-07416,,0.914,"[1593, 2281, 2021, 2520]",,At least one OCR text has a valid Vietnamese plate format.
D:\dhtx\xulyanh\dhtx-xulyanh1\input\f-1741432672326-669318840.jpg,ok,20C-27569,,0.912,"[732, 1930, 1077, 2127]",,At least one OCR text has a valid Vietnamese plate format.
D:\dhtx\xulyanh\dhtx-xulyanh1\input\f-1741435072068-765434065.jpg,ok,17C-15595,,0.939,"[202, 888, 381, 988]",,At least one OCR text has a valid Vietnamese plate format.
D:\dhtx\xulyanh\dhtx-xulyanh1\input\f-1741436194556-4672994.jpg,ocr_empty,,779B8100726,0.935,"[125, 878, 502, 977]",D:\dhtx\xulyanh\dhtx-xulyanh1\input-not-detect-2\f-1741436194556-4672994.jpg,All OCR texts are empty. Rejected raw OCR: 779B8100726
D:\dhtx\xulyanh\dhtx-xulyanh1\input\f-1741436338082-937983005.jpg,ok,98C-31711,,0.875,"[284, 804, 565, 877]",,At least one OCR text has a valid Vietnamese plate format.
D:\dhtx\xulyanh\dhtx-xulyanh1\input\f-1741436812877-75733338.jpg,ok,99E-01779,,0.976,"[561, 515, 953, 706]",,At least one OCR text has a valid Vietnamese plate format.
D:\dhtx\xulyanh\dhtx-xulyanh1\input\f-1741438316983-539194445.jpg,ok,99E-01779,,0.932,"[342, 877, 473, 949]",,At least one OCR text has a valid Vietnamese plate format.
D:\dhtx\xulyanh\dhtx-xulyanh1\input\f-1741438588212-907103651.jpg,ocr_empty,,981094,0.762,"[655, 611, 750, 672]",D:\dhtx\xulyanh\dhtx-xulyanh1\input-not-detect-2\f-1741438588212-907103651.jpg,All OCR texts are empty. Rejected raw OCR: 981094
D:\dhtx\xulyanh\dhtx-xulyanh1\input\f-1741444275168-684374156.jpeg,ok,20H-01261,,0.914,"[115, 353, 202, 399]",,At least one OCR text has a valid Vietnamese plate format.
D:\dhtx\xulyanh\dhtx-xulyanh1\input\f-1741444913476-36984811.jpg,ok,19H-03095,,0.862,"[412, 870, 538, 952]",,At least one OCR text has a valid Vietnamese plate format.
D:\dhtx\xulyanh\dhtx-xulyanh1\input\f-1741452729910-170319048.jpeg,ok,37D-00043,,0.919,"[130, 355, 201, 377]",,At least one OCR text has a valid Vietnamese plate format.
D:\dhtx\xulyanh\dhtx-xulyanh1\input\f-1741453033944-59315742.jpeg,ok,20H-01261,,0.913,"[131, 351, 193, 385]",,At least one OCR text has a valid Vietnamese plate format.
D:\dhtx\xulyanh\dhtx-xulyanh1\input\f-1741453504164-591648613.jpg,ocr_empty,,2590149,0.877,"[720, 2454, 1628, 2672]",D:\dhtx\xulyanh\dhtx-xulyanh1\input-not-detect-2\f-1741453504164-591648613.jpg,All OCR texts are empty. Rejected raw OCR: 2590149
D:\dhtx\xulyanh\dhtx-xulyanh1\input\f-1741458326140-161812770.jpeg,ocr_empty,,29KD2399M,0.915,"[120, 348, 194, 373]",D:\dhtx\xulyanh\dhtx-xulyanh1\input-not-detect-2\f-1741458326140-161812770.jpeg,All OCR texts are empty. Rejected raw OCR: 29KD2399M
D:\dhtx\xulyanh\dhtx-xulyanh1\input\f-1741458632020-478612445.jpeg,ocr_empty,,MMMM290000058,0.855,"[114, 355, 225, 386]",D:\dhtx\xulyanh\dhtx-xulyanh1\input-not-detect-2\f-1741458632020-478612445.jpeg,All OCR texts are empty. Rejected raw OCR: MMMM290000058
D:\dhtx\xulyanh\dhtx-xulyanh1\input\f-1741458792688-146222893.jpg,ocr_empty,,M,0.784,"[332, 808, 655, 903]",D:\dhtx\xulyanh\dhtx-xulyanh1\input-not-detect-2\f-1741458792688-146222893.jpg,All OCR texts are empty. Rejected raw OCR: M
D:\dhtx\xulyanh\dhtx-xulyanh1\input\f-1741460440089-437561430.jpg,ok,29T-07149,,0.893,"[777, 2479, 1516, 2684]",,At least one OCR text has a valid Vietnamese plate format.
D:\dhtx\xulyanh\dhtx-xulyanh1\input\f-1741460769122-625329882.jpeg,ok,43AC-20923,,0.874,"[124, 362, 200, 404]",,At least one OCR text has a valid Vietnamese plate format.
D:\dhtx\xulyanh\dhtx-xulyanh1\input\f-1741461376828-287477994.jpg,ocr_empty,,2E1B0,0.916,"[650, 2239, 1414, 2440]",D:\dhtx\xulyanh\dhtx-xulyanh1\input-not-detect-2\f-1741461376828-287477994.jpg,All OCR texts are empty. Rejected raw OCR: 2E1B0
D:\dhtx\xulyanh\dhtx-xulyanh1\input\f-1741462809111-403869025.jpg,ok,20FE-00565,,0.902,"[850, 2322, 1314, 2593]",,At least one OCR text has a valid Vietnamese plate format.
D:\dhtx\xulyanh\dhtx-xulyanh1\input\f-1741465668690-526797019.jpg,no_plate_detected,,,,,D:\dhtx\xulyanh\dhtx-xulyanh1\input-not-detect-2\f-1741465668690-526797019.jpg,Pipeline returned no plate result.
D:\dhtx\xulyanh\dhtx-xulyanh1\input\f-1741468318195-503237501.jpeg,ok,34MA-04158,,0.904,"[93, 369, 237, 408]",,At least one OCR text has a valid Vietnamese plate format.
D:\dhtx\xulyanh\dhtx-xulyanh1\input\f-1741468749545-419186751.jpeg,ok,20C-18327,,0.921,"[121, 371, 218, 400]",,At least one OCR text has a valid Vietnamese plate format.
D:\dhtx\xulyanh\dhtx-xulyanh1\input\f-1741471123751-154335193.jpg,ocr_empty,,24407,0.849,"[1008, 2487, 1461, 2628]",D:\dhtx\xulyanh\dhtx-xulyanh1\input-not-detect-2\f-1741471123751-154335193.jpg,All OCR texts are empty. Rejected raw OCR: 24407
D:\dhtx\xulyanh\dhtx-xulyanh1\input\f-1741474295447-696689811.jpeg,ok,29CD-005.82,,0.500,"[148, 345, 216, 390]",,At least one OCR text has a valid Vietnamese plate format.
D:\dhtx\xulyanh\dhtx-xulyanh1\input\f-1741474864069-898776168.jpg,ok,37H-03727,,0.973,"[557, 2194, 1540, 2641]",,At least one OCR text has a valid Vietnamese plate format.
D:\dhtx\xulyanh\dhtx-xulyanh1\input\f-1741478938032-168873389.jpg,ok,99C-30318,,0.927,"[708, 1912, 1142, 2161]",,At least one OCR text has a valid Vietnamese plate format.
D:\dhtx\xulyanh\dhtx-xulyanh1\input\f-1741480434663-158586333.jpg,ok,37N-04588,,0.953,"[259, 1989, 1795, 2747]",,At least one OCR text has a valid Vietnamese plate format.
D:\dhtx\xulyanh\dhtx-xulyanh1\input\f-1741482452775-637008013.jpg,no_plate_detected,,,,,D:\dhtx\xulyanh\dhtx-xulyanh1\input-not-detect-2\f-1741482452775-637008013.jpg,Pipeline returned no plate result.
D:\dhtx\xulyanh\dhtx-xulyanh1\input\f-1741483126239-471284327.jpeg,ok,29HN-54638 | , | M99,0.926 | 0.329,"[112, 351, 215, 404] | [130, 132, 213, 171]",,At least one OCR text has a valid Vietnamese plate format.
D:\dhtx\xulyanh\dhtx-xulyanh1\input\f-1741486514830-422060.jpg,ok,37FE-00361,,0.938,"[759, 2230, 1338, 2529]",,At least one OCR text has a valid Vietnamese plate format.
D:\dhtx\xulyanh\dhtx-xulyanh1\input\f-1741487515106-449103275.jpeg,ocr_empty,,37CA357634,0.905,"[129, 361, 208, 404]",D:\dhtx\xulyanh\dhtx-xulyanh1\input-not-detect-2\f-1741487515106-449103275.jpeg,All OCR texts are empty. Rejected raw OCR: 37CA357634
D:\dhtx\xulyanh\dhtx-xulyanh1\input\f-1741488949219-159657852.jpeg,ok,15T-2774,,0.859,"[22, 283, 313, 437]",,At least one OCR text has a valid Vietnamese plate format.
D:\dhtx\xulyanh\dhtx-xulyanh1\input\f-1741490510726-398482570.jpg,ocr_empty,,9EBBH01504,0.932,"[300, 884, 555, 1012]",D:\dhtx\xulyanh\dhtx-xulyanh1\input-not-detect-2\f-1741490510726-398482570.jpg,All OCR texts are empty. Rejected raw OCR: 9EBBH01504
D:\dhtx\xulyanh\dhtx-xulyanh1\input\f-1741503265765-267151338.jpg,ok,12MD-00142,,0.842,"[587, 1487, 855, 1634]",,At least one OCR text has a valid Vietnamese plate format.
D:\dhtx\xulyanh\dhtx-xulyanh1\input\f-1741505069608-182504066.jpeg,ok,36CA-91737,,0.829,"[131, 362, 210, 384]",,At least one OCR text has a valid Vietnamese plate format.
D:\dhtx\xulyanh\dhtx-xulyanh1\input\f-1741509057279-420491952.jpg,ok,37H-05650,,0.917,"[761, 2356, 1264, 2602]",,At least one OCR text has a valid Vietnamese plate format.
D:\dhtx\xulyanh\dhtx-xulyanh1\input\f-1741509247764-718830159.jpeg,ok,37H-02657,,0.906,"[121, 351, 223, 403]",,At least one OCR text has a valid Vietnamese plate format.
D:\dhtx\xulyanh\dhtx-xulyanh1\input\f-1741509650892-808536536.jpeg,ok,42A-95999,,0.920,"[115, 350, 194, 396]",,At least one OCR text has a valid Vietnamese plate format.
D:\dhtx\xulyanh\dhtx-xulyanh1\input\f-1741509667161-25692572.jpeg,ocr_empty,,M29C00408,0.926,"[58, 357, 253, 406]",D:\dhtx\xulyanh\dhtx-xulyanh1\input-not-detect-2\f-1741509667161-25692572.jpeg,All OCR texts are empty. Rejected raw OCR: M29C00408
D:\dhtx\xulyanh\dhtx-xulyanh1\input\f-1741510327221-506412921.jpg,ocr_empty,,499C02958,0.830,"[277, 285, 386, 351]",D:\dhtx\xulyanh\dhtx-xulyanh1\input-not-detect-2\f-1741510327221-506412921.jpg,All OCR texts are empty. Rejected raw OCR: 499C02958
D:\dhtx\xulyanh\dhtx-xulyanh1\input\f-1741511967437-924771359.jpg,ok,37H-05889,,0.957,"[542, 1854, 1204, 2145]",,At least one OCR text has a valid Vietnamese plate format.
D:\dhtx\xulyanh\dhtx-xulyanh1\input\f-1741512532991-834495066.jpeg,ok,34C-17767,,0.905,"[134, 337, 204, 373]",,At least one OCR text has a valid Vietnamese plate format.
D:\dhtx\xulyanh\dhtx-xulyanh1\input\f-1741513227384-606935385.jpg,ok,36M-6968,,0.851,"[269, 376, 397, 416]",,At least one OCR text has a valid Vietnamese plate format.
D:\dhtx\xulyanh\dhtx-xulyanh1\input\f-1741514568973-287627695.jpg,ok,73G-46721,,0.898,"[204, 731, 630, 844]",,At least one OCR text has a valid Vietnamese plate format.
D:\dhtx\xulyanh\dhtx-xulyanh1\input\f-1741514867377-223875087.jpg,ok,98T-5471,,0.870,"[208, 938, 514, 1020]",,At least one OCR text has a valid Vietnamese plate format.
D:\dhtx\xulyanh\dhtx-xulyanh1\input\f-1741515382140-687971978.jpeg,ocr_empty,,MMZDC05981,0.960,"[101, 360, 231, 397]",D:\dhtx\xulyanh\dhtx-xulyanh1\input-not-detect-2\f-1741515382140-687971978.jpeg,All OCR texts are empty. Rejected raw OCR: MMZDC05981
D:\dhtx\xulyanh\dhtx-xulyanh1\input\f-1741518416141-681131184.jpg,ok,37H-04588,,0.952,"[694, 2248, 1566, 2694]",,At least one OCR text has a valid Vietnamese plate format.
D:\dhtx\xulyanh\dhtx-xulyanh1\input\f-1741518439669-54643586.jpg,ok,37H-04588,,0.929,"[854, 2380, 1479, 2705]",,At least one OCR text has a valid Vietnamese plate format.
D:\dhtx\xulyanh\dhtx-xulyanh1\input\f-1741518952177-258963417.jpg,ok,12H-00002,,0.938,"[505, 577, 614, 654]",,At least one OCR text has a valid Vietnamese plate format.
D:\dhtx\xulyanh\dhtx-xulyanh1\input\f-1741524462367-203251053.jpg,no_plate_detected,,,,,D:\dhtx\xulyanh\dhtx-xulyanh1\input-not-detect-2\f-1741524462367-203251053.jpg,Pipeline returned no plate result.
D:\dhtx\xulyanh\dhtx-xulyanh1\input\f-1741527384678-603599088.jpg,ok,37H-04014 | , | ,0.957 | 0.371,"[570, 747, 697, 821] | [1096, 776, 1274, 956]",,At least one OCR text has a valid Vietnamese plate format.
D:\dhtx\xulyanh\dhtx-xulyanh1\input\f-1741532406643-147916479.jpg,ok,29HC-00542,,0.898,"[734, 2312, 1586, 2762]",,At least one OCR text has a valid Vietnamese plate format.
D:\dhtx\xulyanh\dhtx-xulyanh1\input\f-1741540413207-180625060.jpeg,ocr_empty,,0004,0.906,"[116, 345, 260, 382]",D:\dhtx\xulyanh\dhtx-xulyanh1\input-not-detect-2\f-1741540413207-180625060.jpeg,All OCR texts are empty. Rejected raw OCR: 0004
D:\dhtx\xulyanh\dhtx-xulyanh1\input\f-1741549088955-691196989.jpg,ok,34C-24627,,0.956,"[835, 2230, 1385, 2529]",,At least one OCR text has a valid Vietnamese plate format.
D:\dhtx\xulyanh\dhtx-xulyanh1\input\f-1741553224204-159657911.jpg,ocr_empty,,2M0297,0.820,"[827, 2446, 1582, 2643]",D:\dhtx\xulyanh\dhtx-xulyanh1\input-not-detect-2\f-1741553224204-159657911.jpg,All OCR texts are empty. Rejected raw OCR: 2M0297
D:\dhtx\xulyanh\dhtx-xulyanh1\input\f-1741559981446-571575761.jpeg,ocr_empty,,34C208886,0.958,"[116, 379, 207, 427]",D:\dhtx\xulyanh\dhtx-xulyanh1\input-not-detect-2\f-1741559981446-571575761.jpeg,All OCR texts are empty. Rejected raw OCR: 34C208886
D:\dhtx\xulyanh\dhtx-xulyanh1\input\f-1741565022558-341488624.jpg,ok,37D-7725,,0.932,"[678, 2239, 1425, 2615]",,At least one OCR text has a valid Vietnamese plate format.
D:\dhtx\xulyanh\dhtx-xulyanh1\input\f-1741566174063-507646795.jpeg,ok,43AE-00643,,0.877,"[107, 366, 197, 420]",,At least one OCR text has a valid Vietnamese plate format.
D:\dhtx\xulyanh\dhtx-xulyanh1\input\f-1741567888114-872966768.jpg,ok,98BE-00249,,0.982,"[861, 2227, 1203, 2424]",,At least one OCR text has a valid Vietnamese plate format.
D:\dhtx\xulyanh\dhtx-xulyanh1\input\f-1741569959181-507839380.jpeg,ok,29T-90705,,0.916,"[117, 384, 221, 414]",,At least one OCR text has a valid Vietnamese plate format.
D:\dhtx\xulyanh\dhtx-xulyanh1\input\f-1741571379999-591695751.jpg,ocr_empty,,393521,0.944,"[784, 2355, 1380, 2518]",D:\dhtx\xulyanh\dhtx-xulyanh1\input-not-detect-2\f-1741571379999-591695751.jpg,All OCR texts are empty. Rejected raw OCR: 393521
D:\dhtx\xulyanh\dhtx-xulyanh1\input\f-1741571827866-28922619.jpg,ocr_empty,,M3AA444437M0171,0.925,"[700, 1906, 1108, 2117]",D:\dhtx\xulyanh\dhtx-xulyanh1\input-not-detect-2\f-1741571827866-28922619.jpg,All OCR texts are empty. Rejected raw OCR: M3AA444437M0171
D:\dhtx\xulyanh\dhtx-xulyanh1\input\f-1741579251232-899638841.jpeg,ocr_empty,,1373M50,0.928,"[120, 359, 225, 390]",D:\dhtx\xulyanh\dhtx-xulyanh1\input-not-detect-2\f-1741579251232-899638841.jpeg,All OCR texts are empty. Rejected raw OCR: 1373M50
D:\dhtx\xulyanh\dhtx-xulyanh1\input\f-1741581630633-298651619.jpg,ok,37FE-00361,,0.918,"[764, 2318, 1279, 2592]",,At least one OCR text has a valid Vietnamese plate format.
D:\dhtx\xulyanh\dhtx-xulyanh1\input\f-1741585924491-208010751.jpeg,ok,37H-01595,,0.910,"[128, 359, 198, 394]",,At least one OCR text has a valid Vietnamese plate format.
D:\dhtx\xulyanh\dhtx-xulyanh1\input\f-1741588560299-996297803.jpg,ok,34T-19202,,0.922,"[116, 859, 465, 954]",,At least one OCR text has a valid Vietnamese plate format.
D:\dhtx\xulyanh\dhtx-xulyanh1\input\f-1741591133663-318573723.jpeg,ocr_empty,,37GS28800M,0.874,"[135, 374, 196, 419]",D:\dhtx\xulyanh\dhtx-xulyanh1\input-not-detect-2\f-1741591133663-318573723.jpeg,All OCR texts are empty. Rejected raw OCR: 37GS28800M
D:\dhtx\xulyanh\dhtx-xulyanh1\input\f-1741592551373-348293533.jpeg,ok,37C-46594 | , | ,0.893 | 0.390,"[136, 352, 200, 392] | [119, 80, 234, 137]",,At least one OCR text has a valid Vietnamese plate format.
D:\dhtx\xulyanh\dhtx-xulyanh1\input\f-1741593799688-20495595.jpg,no_plate_detected,,,,,D:\dhtx\xulyanh\dhtx-xulyanh1\input-not-detect-2\f-1741593799688-20495595.jpg,Pipeline returned no plate result.
D:\dhtx\xulyanh\dhtx-xulyanh1\input\f-1741593979265-505422767.jpg,ok,15M-08947,,0.906,"[396, 1613, 1017, 1751]",,At least one OCR text has a valid Vietnamese plate format.
D:\dhtx\xulyanh\dhtx-xulyanh1\input\f-1741594785944-234900187.jpg,no_plate_detected,,,,,D:\dhtx\xulyanh\dhtx-xulyanh1\input-not-detect-2\f-1741594785944-234900187.jpg,Pipeline returned no plate result.
D:\dhtx\xulyanh\dhtx-xulyanh1\input\f-1741594827372-734639422.jpeg,ok,15C-12774,,0.940,"[109, 349, 207, 399]",,At least one OCR text has a valid Vietnamese plate format.
D:\dhtx\xulyanh\dhtx-xulyanh1\input\f-1741595467164-475721948.jpeg,ok,15M-10250,,0.919,"[98, 358, 226, 390]",,At least one OCR text has a valid Vietnamese plate format.
D:\dhtx\xulyanh\dhtx-xulyanh1\input\f-1741595486670-37575835.jpg,ocr_empty,,15M250,0.929,"[515, 1946, 1202, 2126]",D:\dhtx\xulyanh\dhtx-xulyanh1\input-not-detect-2\f-1741595486670-37575835.jpg,All OCR texts are empty. Rejected raw OCR: 15M250
D:\dhtx\xulyanh\dhtx-xulyanh1\input\f-1741596268290-872814277.jpg,ok,37C-46594,,0.896,"[885, 2247, 1333, 2495]",,At least one OCR text has a valid Vietnamese plate format.
D:\dhtx\xulyanh\dhtx-xulyanh1\input\f-1741597849474-140463953.jpg,ok,37C-28898,,0.862,"[920, 2360, 1478, 2799]",,At least one OCR text has a valid Vietnamese plate format.
D:\dhtx\xulyanh\dhtx-xulyanh1\input\f-1741600078576-604739499.jpg,ocr_empty,,MMMMMMMMMMMMMMMMM14339170,0.949,"[744, 2374, 1441, 2536]",D:\dhtx\xulyanh\dhtx-xulyanh1\input-not-detect-2\f-1741600078576-604739499.jpg,All OCR texts are empty. Rejected raw OCR: MMMMMMMMMMMMMMMMM14339170
D:\dhtx\xulyanh\dhtx-xulyanh1\input\f-1741601712893-765219526.jpg,ok,29A-8033,,0.950,"[75, 723, 548, 846]",,At least one OCR text has a valid Vietnamese plate format.
D:\dhtx\xulyanh\dhtx-xulyanh1\input\f-1741601860434-897512938.jpeg,ok,51C-41403,,0.964,"[98, 330, 243, 411]",,At least one OCR text has a valid Vietnamese plate format.
D:\dhtx\xulyanh\dhtx-xulyanh1\input\f-1741604210296-581153814.jpg,ok,37C-26485,,0.938,"[636, 1866, 1153, 2113]",,At least one OCR text has a valid Vietnamese plate format.
D:\dhtx\xulyanh\dhtx-xulyanh1\input\f-1741605241839-887909954.jpg,ok,37C-46594,,0.940,"[392, 1145, 588, 1265]",,At least one OCR text has a valid Vietnamese plate format.
D:\dhtx\xulyanh\dhtx-xulyanh1\input\f-1741620734130-348773671.jpg,ok,37C-28309,,0.934,"[787, 2303, 1432, 2612]",,At least one OCR text has a valid Vietnamese plate format.
D:\dhtx\xulyanh\dhtx-xulyanh1\input\f-1741622963851-91502508.jpeg,ok,37H-06779,,0.953,"[92, 344, 246, 416]",,At least one OCR text has a valid Vietnamese plate format.
D:\dhtx\xulyanh\dhtx-xulyanh1\input\f-1741623519432-574900488.jpg,no_plate_detected,,,,,D:\dhtx\xulyanh\dhtx-xulyanh1\input-not-detect-2\f-1741623519432-574900488.jpg,Pipeline returned no plate result.
D:\dhtx\xulyanh\dhtx-xulyanh1\input\f-1741623597196-604996735.jpg,ok,34C-12702,,0.849,"[622, 754, 741, 823]",,At least one OCR text has a valid Vietnamese plate format.
D:\dhtx\xulyanh\dhtx-xulyanh1\input\f-1741626183524-453405697.jpg,ok,34C-12702,,0.925,"[729, 2237, 1233, 2506]",,At least one OCR text has a valid Vietnamese plate format.
D:\dhtx\xulyanh\dhtx-xulyanh1\input\f-1741629968431-96730881.jpg,ok,37H-06799,,0.979,"[307, 1990, 1805, 2665]",,At least one OCR text has a valid Vietnamese plate format.
D:\dhtx\xulyanh\dhtx-xulyanh1\input\f-1741642956557-382317836.jpg,ok,29T-0971,,0.926,"[708, 1972, 1082, 2095]",,At least one OCR text has a valid Vietnamese plate format.
D:\dhtx\xulyanh\dhtx-xulyanh1\input\f-1741645201693-231411688.jpg,ok,20C-05973,,0.893,"[811, 2377, 1317, 2643]",,At least one OCR text has a valid Vietnamese plate format.
D:\dhtx\xulyanh\dhtx-xulyanh1\input\f-1741656593182-692130477.jpg,ok,37H-03215,,0.878,"[932, 2406, 1511, 2723]",,At least one OCR text has a valid Vietnamese plate format.
D:\dhtx\xulyanh\dhtx-xulyanh1\input\f-1741656731770-393658162.jpg,ok,37M-00803,,0.952,"[265, 1736, 1598, 2443]",,At least one OCR text has a valid Vietnamese plate format.
D:\dhtx\xulyanh\dhtx-xulyanh1\input\f-1741657456558-41297278.jpg,ok,37H-07725,,0.845,"[794, 2280, 1383, 2574]",,At least one OCR text has a valid Vietnamese plate format.
D:\dhtx\xulyanh\dhtx-xulyanh1\input\f-1741657732839-78749735.jpg,ocr_empty,,22Z-0208,0.846,"[458, 1574, 1090, 1767]",D:\dhtx\xulyanh\dhtx-xulyanh1\input-not-detect-2\f-1741657732839-78749735.jpg,All OCR texts are empty. Rejected raw OCR: 22Z-0208
D:\dhtx\xulyanh\dhtx-xulyanh1\input\f-1741658011270-527053142.jpeg,ocr_empty,,37THM08750N,0.933,"[106, 356, 230, 389]",D:\dhtx\xulyanh\dhtx-xulyanh1\input-not-detect-2\f-1741658011270-527053142.jpeg,All OCR texts are empty. Rejected raw OCR: 37THM08750N
D:\dhtx\xulyanh\dhtx-xulyanh1\input\f-1741658314348-633574180.jpg,ok,20CC-06244,,0.849,"[830, 2351, 1259, 2557]",,At least one OCR text has a valid Vietnamese plate format.
D:\dhtx\xulyanh\dhtx-xulyanh1\input\f-1741658363774-866106709.jpg,ok,34FE-01289,,0.946,"[343, 1094, 734, 1278]",,At least one OCR text has a valid Vietnamese plate format.
D:\dhtx\xulyanh\dhtx-xulyanh1\input\f-1741658677518-592740021.jpg,ok,37H-03727,,0.925,"[754, 2278, 1382, 2585]",,At least one OCR text has a valid Vietnamese plate format.
D:\dhtx\xulyanh\dhtx-xulyanh1\input\f-1741659622828-973526910.jpg,ok,37H-02143,,0.938,"[546, 1581, 878, 1772]",,At least one OCR text has a valid Vietnamese plate format.
D:\dhtx\xulyanh\dhtx-xulyanh1\input\f-1741660287156-263000182.jpeg,ok,20C-06782,,0.904,"[142, 367, 206, 400]",,At least one OCR text has a valid Vietnamese plate format.
D:\dhtx\xulyanh\dhtx-xulyanh1\input\f-1741660835982-260017850.jpeg,ocr_empty,,22Z222988E00449,0.926,"[116, 353, 219, 408]",D:\dhtx\xulyanh\dhtx-xulyanh1\input-not-detect-2\f-1741660835982-260017850.jpeg,All OCR texts are empty. Rejected raw OCR: 22Z222988E00449
D:\dhtx\xulyanh\dhtx-xulyanh1\input\f-1741662136692-396013847.jpg,ok,20C-05973,,0.906,"[858, 2359, 1286, 2586]",,At least one OCR text has a valid Vietnamese plate format.
D:\dhtx\xulyanh\dhtx-xulyanh1\input\f-1741662222342-380905665.jpeg,ok,37H-02657,,0.936,"[92, 359, 217, 422]",,At least one OCR text has a valid Vietnamese plate format.
D:\dhtx\xulyanh\dhtx-xulyanh1\input\f-1741662610993-539774095.jpg,ok,37H-00891,,0.926,"[900, 2305, 1332, 2533]",,At least one OCR text has a valid Vietnamese plate format.
D:\dhtx\xulyanh\dhtx-xulyanh1\input\f-1741662960920-372277098.jpg,ok,29K-19723,,0.944,"[1584, 2280, 2367, 2691]",,At least one OCR text has a valid Vietnamese plate format.
D:\dhtx\xulyanh\dhtx-xulyanh1\input\f-1741663374954-320059109.jpg,ocr_empty, | ,01 | ,0.940 | 0.682,"[544, 2075, 1267, 2251] | [1346, 932, 1785, 1263]",D:\dhtx\xulyanh\dhtx-xulyanh1\input-not-detect-2\f-1741663374954-320059109.jpg,All OCR texts are empty. Rejected raw OCR: 01
D:\dhtx\xulyanh\dhtx-xulyanh1\input\f-1741664096308-453407791.jpeg,ok,37H-09040,,0.906,"[126, 351, 224, 404]",,At least one OCR text has a valid Vietnamese plate format.
D:\dhtx\xulyanh\dhtx-xulyanh1\input\f-1741667267900-945628654.jpg,ocr_empty,,36GC1072988,0.923,"[838, 2411, 1419, 2567]",D:\dhtx\xulyanh\dhtx-xulyanh1\input-not-detect-2\f-1741667267900-945628654.jpg,All OCR texts are empty. Rejected raw OCR: 36GC1072988
D:\dhtx\xulyanh\dhtx-xulyanh1\input\f-1741669052102-357219099.jpeg,ok,37H-02657,,0.934,"[113, 358, 217, 416]",,At least one OCR text has a valid Vietnamese plate format.
D:\dhtx\xulyanh\dhtx-xulyanh1\input\f-1741675377786-736495039.jpeg,ok,37HM-07865,,0.906,"[109, 362, 227, 390]",,At least one OCR text has a valid Vietnamese plate format.
D:\dhtx\xulyanh\dhtx-xulyanh1\input\f-1741678194365-105885688.jpg,ok,99C-02958,,0.917,"[767, 2322, 1261, 2612]",,At least one OCR text has a valid Vietnamese plate format.
D:\dhtx\xulyanh\dhtx-xulyanh1\input\f-1741678511019-396444121.jpg,ocr_empty,,H415,0.936,"[1794, 5601, 3001, 6299]",D:\dhtx\xulyanh\dhtx-xulyanh1\input-not-detect-2\f-1741678511019-396444121.jpg,All OCR texts are empty. Rejected raw OCR: H415
D:\dhtx\xulyanh\dhtx-xulyanh1\input\f-1741679712019-433041869.jpg,ok,29S-7507,,0.928,"[630, 2331, 1516, 2603]",,At least one OCR text has a valid Vietnamese plate format.
D:\dhtx\xulyanh\dhtx-xulyanh1\input\f-1741682712917-273090065.jpg,ok,37H-05078,,0.938,"[720, 2266, 1340, 2593]",,At least one OCR text has a valid Vietnamese plate format.
D:\dhtx\xulyanh\dhtx-xulyanh1\input\f-1741682936527-661266278.jpg,ocr_empty,,,0.862,"[532, 2301, 1546, 2573]",D:\dhtx\xulyanh\dhtx-xulyanh1\input-not-detect-2\f-1741682936527-661266278.jpg,All OCR texts are empty.
D:\dhtx\xulyanh\dhtx-xulyanh1\input\f-1741683463976-678956611.jpg,ok,15M-07438,,0.909,"[308, 376, 415, 406]",,At least one OCR text has a valid Vietnamese plate format.
D:\dhtx\xulyanh\dhtx-xulyanh1\input\f-1741684688332-965381633.jpg,ok,37H-06221,,0.928,"[469, 1502, 904, 1754]",,At least one OCR text has a valid Vietnamese plate format.
D:\dhtx\xulyanh\dhtx-xulyanh1\input\f-1741685603571-356708736.jpeg,ok,37H-00574,,0.938,"[95, 345, 251, 419]",,At least one OCR text has a valid Vietnamese plate format.
D:\dhtx\xulyanh\dhtx-xulyanh1\input\f-1741685842066-76379122.jpg,ok,34T-1405,,0.916,"[457, 1190, 604, 1274]",,At least one OCR text has a valid Vietnamese plate format.
D:\dhtx\xulyanh\dhtx-xulyanh1\input\f-1741687096094-983485262.jpeg,ok,29CD-058.82,,0.903,"[130, 359, 212, 407]",,At least one OCR text has a valid Vietnamese plate format.
D:\dhtx\xulyanh\dhtx-xulyanh1\input\f-1741690436794-224994014.jpeg,ok,34C-12702,,0.515,"[141, 359, 196, 390]",,At least one OCR text has a valid Vietnamese plate format.
D:\dhtx\xulyanh\dhtx-xulyanh1\input\f-1741690774373-597691628.jpg,no_plate_detected,,,,,D:\dhtx\xulyanh\dhtx-xulyanh1\input-not-detect-2\f-1741690774373-597691628.jpg,Pipeline returned no plate result.
D:\dhtx\xulyanh\dhtx-xulyanh1\input\f-1741691111269-620637732.jpeg,ok,29LD-501.71,,0.898,"[137, 345, 204, 380]",,At least one OCR text has a valid Vietnamese plate format.
D:\dhtx\xulyanh\dhtx-xulyanh1\input\f-1741692883428-207446697.jpg,ok,29LD-501.71,,0.933,"[564, 1479, 867, 1629]",,At least one OCR text has a valid Vietnamese plate format.
D:\dhtx\xulyanh\dhtx-xulyanh1\input\f-1741693687480-451347165.jpeg,ok,22D-16472 | , | 77T2016472,0.790 | 0.656,"[110, 361, 225, 391] | [110, 359, 268, 392]",,At least one OCR text has a valid Vietnamese plate format.
D:\dhtx\xulyanh\dhtx-xulyanh1\input\f-1741695983183-81248398.jpg,ok,99H-02387,,0.976,"[289, 1000, 571, 1162]",,At least one OCR text has a valid Vietnamese plate format.
D:\dhtx\xulyanh\dhtx-xulyanh1\input\f-1741698380799-229737887.jpg,ok,34H-00403,,0.878,"[917, 2306, 1306, 2530]",,At least one OCR text has a valid Vietnamese plate format.
D:\dhtx\xulyanh\dhtx-xulyanh1\input\f-1741698928187-195610452.jpg,ocr_empty,,9HD19563,0.915,"[451, 813, 671, 927]",D:\dhtx\xulyanh\dhtx-xulyanh1\input-not-detect-2\f-1741698928187-195610452.jpg,All OCR texts are empty. Rejected raw OCR: 9HD19563
D:\dhtx\xulyanh\dhtx-xulyanh1\input\f-1741699993468-441629624.jpg,ok,37D-00080,,0.794,"[667, 2354, 1588, 2582]",,At least one OCR text has a valid Vietnamese plate format.
D:\dhtx\xulyanh\dhtx-xulyanh1\input\f-1741700874910-502294901.jpg,ocr_empty,,34D70,0.892,"[745, 2220, 1412, 2387]",D:\dhtx\xulyanh\dhtx-xulyanh1\input-not-detect-2\f-1741700874910-502294901.jpg,All OCR texts are empty. Rejected raw OCR: 34D70
D:\dhtx\xulyanh\dhtx-xulyanh1\input\f-1741713978569-860224799.jpeg,ok,34C-13256,,0.938,"[121, 336, 212, 379]",,At least one OCR text has a valid Vietnamese plate format.
D:\dhtx\xulyanh\dhtx-xulyanh1\input\f-1741716127299-663982312.jpg,ocr_empty,,297K02101,0.933,"[735, 2313, 1339, 2494]",D:\dhtx\xulyanh\dhtx-xulyanh1\input-not-detect-2\f-1741716127299-663982312.jpg,All OCR texts are empty. Rejected raw OCR: 297K02101
D:\dhtx\xulyanh\dhtx-xulyanh1\input\f-1741719439602-849714266.jpg,ok,29D-00408,,0.639,"[583, 1926, 1134, 2073]",,At least one OCR text has a valid Vietnamese plate format.
D:\dhtx\xulyanh\dhtx-xulyanh1\input\f-1741725705102-552274138.jpeg,ok,29M-02006,,0.898,"[95, 361, 245, 402]",,At least one OCR text has a valid Vietnamese plate format.
D:\dhtx\xulyanh\dhtx-xulyanh1\input\f-1741736849557-400851677.jpg,ok,37HM-05510,,0.969,"[372, 1740, 1505, 2314]",,At least one OCR text has a valid Vietnamese plate format.
D:\dhtx\xulyanh\dhtx-xulyanh1\input\f-1741738727748-255822298.jpg,ocr_empty,,777,0.909,"[541, 1869, 1257, 2068]",D:\dhtx\xulyanh\dhtx-xulyanh1\input-not-detect-2\f-1741738727748-255822298.jpg,All OCR texts are empty. Rejected raw OCR: 777
D:\dhtx\xulyanh\dhtx-xulyanh1\input\f-1741738753878-25039212.jpg,ocr_empty,,37477,0.865,"[563, 1930, 1300, 2138]",D:\dhtx\xulyanh\dhtx-xulyanh1\input-not-detect-2\f-1741738753878-25039212.jpg,All OCR texts are empty. Rejected raw OCR: 37477
D:\dhtx\xulyanh\dhtx-xulyanh1\input\f-1741739097837-192630839.jpeg,ok,37C-20568,,0.985,"[146, 362, 199, 396]",,At least one OCR text has a valid Vietnamese plate format.
D:\dhtx\xulyanh\dhtx-xulyanh1\input\f-1741740402849-345062045.jpeg,ok,29H-82549,,0.925,"[121, 380, 189, 419]",,At least one OCR text has a valid Vietnamese plate format.
D:\dhtx\xulyanh\dhtx-xulyanh1\input\f-1741740661119-478704879.jpg,ocr_empty,,37MD8750N,0.949,"[610, 1927, 1211, 2093]",D:\dhtx\xulyanh\dhtx-xulyanh1\input-not-detect-2\f-1741740661119-478704879.jpg,All OCR texts are empty. Rejected raw OCR: 37MD8750N
D:\dhtx\xulyanh\dhtx-xulyanh1\input\f-1741741699770-809921849.jpeg,ok,37H-06221,,0.930,"[121, 352, 220, 403]",,At least one OCR text has a valid Vietnamese plate format.
D:\dhtx\xulyanh\dhtx-xulyanh1\input\f-1741743770220-606562750.jpeg,ocr_empty,,2XXX37C363135,0.923,"[120, 349, 220, 408]",D:\dhtx\xulyanh\dhtx-xulyanh1\input-not-detect-2\f-1741743770220-606562750.jpeg,All OCR texts are empty. Rejected raw OCR: 2XXX37C363135
D:\dhtx\xulyanh\dhtx-xulyanh1\input\f-1741804533883-55670298.jpg,ocr_empty, | ,5 | NMMNM,0.481 | 0.334,"[582, 2189, 1540, 2431] | [42, 2183, 1527, 2435]",D:\dhtx\xulyanh\dhtx-xulyanh1\input-not-detect-2\f-1741804533883-55670298.jpg,All OCR texts are empty. Rejected raw OCR: 5 | NMMNM
D:\dhtx\xulyanh\dhtx-xulyanh1\input\f-1741805526440-908365417.jpeg,ok,20C-18520 | , | 25,0.823 | 0.276,"[110, 369, 228, 401] | [8, 366, 232, 405]",,At least one OCR text has a valid Vietnamese plate format.
D:\dhtx\xulyanh\dhtx-xulyanh1\input\f-1741807045275-327711674.jpeg,ok,20DF-00565,,0.887,"[113, 348, 226, 407]",,At least one OCR text has a valid Vietnamese plate format.
D:\dhtx\xulyanh\dhtx-xulyanh1\input\f-1741810555697-247001312.jpeg,ocr_empty,,89C2453444,0.813,"[122, 341, 200, 389]",D:\dhtx\xulyanh\dhtx-xulyanh1\input-not-detect-2\f-1741810555697-247001312.jpeg,All OCR texts are empty. Rejected raw OCR: 89C2453444
D:\dhtx\xulyanh\dhtx-xulyanh1\input\f-1741811099097-923333567.jpg,ok, | 89CD-218.84, | ,0.740 | 0.385,"[740, 2252, 1522, 2470] | [730, 2081, 1525, 2470]",,At least one OCR text has a valid Vietnamese plate format.
D:\dhtx\xulyanh\dhtx-xulyanh1\input\f-1741811348699-803038363.jpeg,ok,29CD-005.82,,0.791,"[119, 358, 198, 398]",,At least one OCR text has a valid Vietnamese plate format.
D:\dhtx\xulyanh\dhtx-xulyanh1\input\f-1741814440344-204638921.jpeg,ocr_empty,,89CD2242M,0.391,"[55, 338, 236, 404]",D:\dhtx\xulyanh\dhtx-xulyanh1\input-not-detect-2\f-1741814440344-204638921.jpeg,All OCR texts are empty. Rejected raw OCR: 89CD2242M
D:\dhtx\xulyanh\dhtx-xulyanh1\input\f-1741815119823-550798305.jpg,ok,29T-00546 | , | 201D5M,0.822 | 0.520,"[703, 2260, 1414, 2486] | [363, 2249, 1431, 2494]",,At least one OCR text has a valid Vietnamese plate format.
D:\dhtx\xulyanh\dhtx-xulyanh1\input\f-1741815180239-706536077.jpeg,ok,89C-13300,,0.901,"[139, 345, 207, 394]",,At least one OCR text has a valid Vietnamese plate format.
D:\dhtx\xulyanh\dhtx-xulyanh1\input\f-1741815392180-782206373.jpeg,ok,89CC-02184 | , | MMDB8890302184,0.804 | 0.361,"[113, 338, 228, 384] | [113, 352, 228, 384]",,At least one OCR text has a valid Vietnamese plate format.
D:\dhtx\xulyanh\dhtx-xulyanh1\input\f-1741818116827-903881744.jpeg,ok,89C-09412,,0.853,"[133, 348, 209, 406]",,At least one OCR text has a valid Vietnamese plate format.
D:\dhtx\xulyanh\dhtx-xulyanh1\input\f-1741820715370-53252263.jpg,no_plate_detected,,,,,D:\dhtx\xulyanh\dhtx-xulyanh1\input-not-detect-2\f-1741820715370-53252263.jpg,Pipeline returned no plate result.
D:\dhtx\xulyanh\dhtx-xulyanh1\input\f-1741826870104-969563143.jpeg,ocr_empty,,44AA98H03326,0.918,"[119, 354, 224, 417]",D:\dhtx\xulyanh\dhtx-xulyanh1\input-not-detect-2\f-1741826870104-969563143.jpeg,All OCR texts are empty. Rejected raw OCR: 44AA98H03326
D:\dhtx\xulyanh\dhtx-xulyanh1\input\f-1741827179456-667670217.jpeg,ok,89C-10098 | , | ,0.692 | 0.418,"[118, 365, 182, 416] | [90, 0, 251, 15]",,At least one OCR text has a valid Vietnamese plate format.
D:\dhtx\xulyanh\dhtx-xulyanh1\input\f-1741828166162-134545098.jpeg,ok,37H-09040,,0.979,"[76, 326, 263, 419]",,At least one OCR text has a valid Vietnamese plate format.
D:\dhtx\xulyanh\dhtx-xulyanh1\input\f-1741828228011-118124725.jpeg,ocr_empty,,M01993,0.926,"[72, 336, 260, 398]",D:\dhtx\xulyanh\dhtx-xulyanh1\input-not-detect-2\f-1741828228011-118124725.jpeg,All OCR texts are empty. Rejected raw OCR: M01993
D:\dhtx\xulyanh\dhtx-xulyanh1\input\f-1741830102427-144877162.jpg,ok,89HT-01439,,0.782,"[948, 2281, 1301, 2511]",,At least one OCR text has a valid Vietnamese plate format.
D:\dhtx\xulyanh\dhtx-xulyanh1\input\f-1741831161346-425832506.jpg,ocr_empty,,,0.926,"[650, 1419, 1601, 1930]",D:\dhtx\xulyanh\dhtx-xulyanh1\input-not-detect-2\f-1741831161346-425832506.jpg,All OCR texts are empty.
D:\dhtx\xulyanh\dhtx-xulyanh1\input\f-1741833814013-225838815.jpeg,ok,37H-02557,,0.948,"[112, 348, 223, 407]",,At least one OCR text has a valid Vietnamese plate format.
D:\dhtx\xulyanh\dhtx-xulyanh1\input\f-1741837435262-145285623.jpg,ocr_empty,,3721,0.978,"[561, 2111, 1604, 2637]",D:\dhtx\xulyanh\dhtx-xulyanh1\input-not-detect-2\f-1741837435262-145285623.jpg,All OCR texts are empty. Rejected raw OCR: 3721
D:\dhtx\xulyanh\dhtx-xulyanh1\input\f-1741838262076-927698447.jpg,ok,12C-05342,,0.915,"[832, 2275, 1154, 2454]",,At least one OCR text has a valid Vietnamese plate format.
D:\dhtx\xulyanh\dhtx-xulyanh1\input\f-1741841511229-776598298.jpg,no_plate_detected,,,,,D:\dhtx\xulyanh\dhtx-xulyanh1\input-not-detect-2\f-1741841511229-776598298.jpg,Pipeline returned no plate result.
D:\dhtx\xulyanh\dhtx-xulyanh1\input\f-1741842227280-140067421.jpg,ok,98BE-00329,,0.968,"[402, 1891, 1840, 2629]",,At least one OCR text has a valid Vietnamese plate format.
D:\dhtx\xulyanh\dhtx-xulyanh1\input\f-1741843931687-334992542.jpeg,ok,13BC-04243,,0.964,"[87, 348, 222, 417]",,At least one OCR text has a valid Vietnamese plate format.
D:\dhtx\xulyanh\dhtx-xulyanh1\input\f-1741844177297-863460440.jpeg,ok,37C-01787,,0.915,"[91, 364, 243, 408]",,At least one OCR text has a valid Vietnamese plate format.
D:\dhtx\xulyanh\dhtx-xulyanh1\input\f-1741849439773-276472049.jpg,ok,30D-48875,,0.939,"[406, 2143, 1845, 2494]",,At least one OCR text has a valid Vietnamese plate format.
D:\dhtx\xulyanh\dhtx-xulyanh1\input\f-1741859635612-191225788.jpg,ocr_empty,,89HD2752E,0.947,"[265, 852, 515, 982]",D:\dhtx\xulyanh\dhtx-xulyanh1\input-not-detect-2\f-1741859635612-191225788.jpg,All OCR texts are empty. Rejected raw OCR: 89HD2752E
D:\dhtx\xulyanh\dhtx-xulyanh1\input\f-1741861395630-688638274.jpg,ocr_empty,,829C000541,0.855,"[175, 874, 379, 996]",D:\dhtx\xulyanh\dhtx-xulyanh1\input-not-detect-2\f-1741861395630-688638274.jpg,All OCR texts are empty. Rejected raw OCR: 829C000541
D:\dhtx\xulyanh\dhtx-xulyanh1\input\f-1741861707130-169007398.jpeg,ok,98C-27411,,0.876,"[121, 347, 212, 397]",,At least one OCR text has a valid Vietnamese plate format.
D:\dhtx\xulyanh\dhtx-xulyanh1\input\f-1741865510903-574616718.jpg,ok,20C-06244,,0.940,"[835, 2339, 1365, 2599]",,At least one OCR text has a valid Vietnamese plate format.
D:\dhtx\xulyanh\dhtx-xulyanh1\input\f-1741865991170-801190345.jpg,ok,29H-72109,,0.956,"[277, 1747, 1485, 2386]",,At least one OCR text has a valid Vietnamese plate format.
D:\dhtx\xulyanh\dhtx-xulyanh1\input\f-1741872538898-165049763.jpeg,ok,37V-4090,,0.895,"[49, 307, 282, 436]",,At least one OCR text has a valid Vietnamese plate format.
D:\dhtx\xulyanh\dhtx-xulyanh1\input\f-1741874398556-658721029.jpg,ok,35H-02177,,0.942,"[450, 2030, 1737, 2613]",,At least one OCR text has a valid Vietnamese plate format.
D:\dhtx\xulyanh\dhtx-xulyanh1\input\f-1741875094672-974443187.jpeg,ok,34AH-04151,,0.874,"[127, 357, 214, 381]",,At least one OCR text has a valid Vietnamese plate format.
D:\dhtx\xulyanh\dhtx-xulyanh1\input\f-1741877415447-190548571.jpeg,ok,29XK-02410,,0.935,"[84, 368, 242, 411]",,At least one OCR text has a valid Vietnamese plate format.
D:\dhtx\xulyanh\dhtx-xulyanh1\input\f-1741888723575-351719641.jpeg,ok,34H-00403,,0.819,"[145, 361, 199, 390]",,At least one OCR text has a valid Vietnamese plate format.
D:\dhtx\xulyanh\dhtx-xulyanh1\input\f-1741889632387-383516599.jpg,ok,34CD-148.23,,0.880,"[626, 711, 745, 785]",,At least one OCR text has a valid Vietnamese plate format.
D:\dhtx\xulyanh\dhtx-xulyanh1\input\f-1741890364024-676657144.jpg,ocr_empty,,34D415M,0.909,"[708, 2254, 1444, 2439]",D:\dhtx\xulyanh\dhtx-xulyanh1\input-not-detect-2\f-1741890364024-676657144.jpg,All OCR texts are empty. Rejected raw OCR: 34D415M
D:\dhtx\xulyanh\dhtx-xulyanh1\input\f-1741890594921-791416728.jpeg,ok,34C-15301,,0.954,"[129, 355, 211, 397]",,At least one OCR text has a valid Vietnamese plate format.
D:\dhtx\xulyanh\dhtx-xulyanh1\input\f-1741899110166-160759973.jpeg,ok,34H-03648,,0.944,"[143, 360, 209, 400]",,At least one OCR text has a valid Vietnamese plate format.
D:\dhtx\xulyanh\dhtx-xulyanh1\input\f-1741903395028-586080248.jpg,ok,34C-20886,,0.933,"[835, 2211, 1289, 2441]",,At least one OCR text has a valid Vietnamese plate format.
D:\dhtx\xulyanh\dhtx-xulyanh1\input\f-1741903922785-387581898.jpg,ok,20H-02356,,0.927,"[787, 2337, 1438, 2686]",,At least one OCR text has a valid Vietnamese plate format.
D:\dhtx\xulyanh\dhtx-xulyanh1\input\f-1741907775114-707185192.jpg,ok,37H-05053,,0.975,"[615, 2126, 1538, 2627]",,At least one OCR text has a valid Vietnamese plate format.
D:\dhtx\xulyanh\dhtx-xulyanh1\input\f-1741907971859-137085858.jpeg,ocr_empty,,22ZC7H07720,0.891,"[130, 355, 201, 396]",D:\dhtx\xulyanh\dhtx-xulyanh1\input-not-detect-2\f-1741907971859-137085858.jpeg,All OCR texts are empty. Rejected raw OCR: 22ZC7H07720
D:\dhtx\xulyanh\dhtx-xulyanh1\input\f-1741908280124-822694262.jpeg,ok,37HA-03727,,0.841,"[120, 357, 188, 400]",,At least one OCR text has a valid Vietnamese plate format.
D:\dhtx\xulyanh\dhtx-xulyanh1\input\f-1741912346382-816719153.jpeg,ok,37D-5040,,0.867,"[140, 352, 199, 392]",,At least one OCR text has a valid Vietnamese plate format.
D:\dhtx\xulyanh\dhtx-xulyanh1\input\f-1741917649009-402931057.jpg,ocr_empty,,889C00162,0.945,"[819, 2272, 1337, 2544]",D:\dhtx\xulyanh\dhtx-xulyanh1\input-not-detect-2\f-1741917649009-402931057.jpg,All OCR texts are empty. Rejected raw OCR: 889C00162
D:\dhtx\xulyanh\dhtx-xulyanh1\input\f-1741932190008-224046227.jpg,ok,36C-21040,,0.832,"[805, 1967, 1174, 2251]",,At least one OCR text has a valid Vietnamese plate format.
D:\dhtx\xulyanh\dhtx-xulyanh1\input\f-1741933849683-836424529.jpeg,ok,37K-33988,,0.903,"[113, 383, 231, 413]",,At least one OCR text has a valid Vietnamese plate format.
D:\dhtx\xulyanh\dhtx-xulyanh1\input\f-1741938751166-495233045.jpg,ocr_empty,,36029N,0.933,"[775, 2403, 1471, 2578]",D:\dhtx\xulyanh\dhtx-xulyanh1\input-not-detect-2\f-1741938751166-495233045.jpg,All OCR texts are empty. Rejected raw OCR: 36029N
D:\dhtx\xulyanh\dhtx-xulyanh1\input\f-1741953960542-837542068.jpg,ok,37C-52880,,0.886,"[400, 544, 577, 646]",,At least one OCR text has a valid Vietnamese plate format.
D:\dhtx\xulyanh\dhtx-xulyanh1\input\f-1741954304835-729250176.jpeg,ok,37H-01595,,0.914,"[136, 361, 210, 398]",,At least one OCR text has a valid Vietnamese plate format.
D:\dhtx\xulyanh\dhtx-xulyanh1\input\f-1741960787645-703003124.jpeg,ok,29K-10971,,0.918,"[100, 366, 238, 407]",,At least one OCR text has a valid Vietnamese plate format.
D:\dhtx\xulyanh\dhtx-xulyanh1\input\f-1741961054738-578514733.jpg,no_plate_detected,,,,,D:\dhtx\xulyanh\dhtx-xulyanh1\input-not-detect-2\f-1741961054738-578514733.jpg,Pipeline returned no plate result.
D:\dhtx\xulyanh\dhtx-xulyanh1\input\f-1741973463567-554655346.jpg,ocr_empty,,091,0.946,"[374, 2040, 1736, 2325]",D:\dhtx\xulyanh\dhtx-xulyanh1\input-not-detect-2\f-1741973463567-554655346.jpg,All OCR texts are empty. Rejected raw OCR: 091
D:\dhtx\xulyanh\dhtx-xulyanh1\input\f-1741978887948-21720107.jpg,ok,34C-20966,,0.841,"[607, 698, 732, 774]",,At least one OCR text has a valid Vietnamese plate format.
D:\dhtx\xulyanh\dhtx-xulyanh1\input\f-1741989528458-695868787.jpg,ocr_empty,,242091,0.857,"[813, 2488, 1580, 2664]",D:\dhtx\xulyanh\dhtx-xulyanh1\input-not-detect-2\f-1741989528458-695868787.jpg,All OCR texts are empty. Rejected raw OCR: 242091
D:\dhtx\xulyanh\dhtx-xulyanh1\input\f-1741996862781-395676231.jpg,ok,35H-02196,,0.939,"[724, 1908, 1093, 2110]",,At least one OCR text has a valid Vietnamese plate format.
D:\dhtx\xulyanh\dhtx-xulyanh1\input\f-1741999049742-855587842.jpeg,ok,14C-35163,,0.968,"[87, 327, 270, 427]",,At least one OCR text has a valid Vietnamese plate format.
D:\dhtx\xulyanh\dhtx-xulyanh1\input\f-1741999149394-640200796.jpeg,ocr_empty, | ,646121 | 1M21M,0.786 | 0.260,"[66, 335, 263, 398] | [76, 390, 238, 475]",D:\dhtx\xulyanh\dhtx-xulyanh1\input-not-detect-2\f-1741999149394-640200796.jpeg,All OCR texts are empty. Rejected raw OCR: 646121 | 1M21M
D:\dhtx\xulyanh\dhtx-xulyanh1\input\f-1742000760724-408681450.jpeg,ocr_empty,,3777477,0.604,"[31, 329, 321, 399]",D:\dhtx\xulyanh\dhtx-xulyanh1\input-not-detect-2\f-1742000760724-408681450.jpeg,All OCR texts are empty. Rejected raw OCR: 3777477
D:\dhtx\xulyanh\dhtx-xulyanh1\input\f-1742001365393-95150802.jpg,ok,37H-0488,,0.961,"[525, 1959, 1802, 2656]",,At least one OCR text has a valid Vietnamese plate format.
D:\dhtx\xulyanh\dhtx-xulyanh1\input\f-1742005061840-547246087.jpg,ok,20C-23264,,0.880,"[713, 1937, 1067, 2151]",,At least one OCR text has a valid Vietnamese plate format.
D:\dhtx\xulyanh\dhtx-xulyanh1\input\f-1742008839224-473188351.jpg,ocr_empty,,7MM,0.965,"[340, 2240, 1832, 2620]",D:\dhtx\xulyanh\dhtx-xulyanh1\input-not-detect-2\f-1742008839224-473188351.jpg,All OCR texts are empty. Rejected raw OCR: 7MM
D:\dhtx\xulyanh\dhtx-xulyanh1\input\f-1742009169891-51420772.jpg,ok,89C-19417,,0.961,"[555, 2353, 1235, 2679]",,At least one OCR text has a valid Vietnamese plate format.
D:\dhtx\xulyanh\dhtx-xulyanh1\input\f-1742011643432-547253278.jpg,no_plate_detected,,,,,D:\dhtx\xulyanh\dhtx-xulyanh1\input-not-detect-2\f-1742011643432-547253278.jpg,Pipeline returned no plate result.
D:\dhtx\xulyanh\dhtx-xulyanh1\input\f-1742011695265-426347848.jpg,ok,37M-4904,,0.858,"[256, 2048, 2020, 3028]",,At least one OCR text has a valid Vietnamese plate format.
D:\dhtx\xulyanh\dhtx-xulyanh1\input\f-1742012002517-371430991.jpg,ok,29H-62201,,0.919,"[588, 2317, 1321, 2669]",,At least one OCR text has a valid Vietnamese plate format.
D:\dhtx\xulyanh\dhtx-xulyanh1\input\f-1742015658996-840495980.jpg,ocr_empty,,37CT3269M0,0.903,"[756, 2262, 1368, 2431]",D:\dhtx\xulyanh\dhtx-xulyanh1\input-not-detect-2\f-1742015658996-840495980.jpg,All OCR texts are empty. Rejected raw OCR: 37CT3269M0
D:\dhtx\xulyanh\dhtx-xulyanh1\input\f-1742016834396-730560473.jpg,ok,37NM-02657,,0.975,"[569, 2168, 1555, 2651]",,At least one OCR text has a valid Vietnamese plate format.
D:\dhtx\xulyanh\dhtx-xulyanh1\input\f-1742020174236-998498845.jpg,ocr_empty,,37C9518876,0.960,"[731, 2202, 1643, 2713]",D:\dhtx\xulyanh\dhtx-xulyanh1\input-not-detect-2\f-1742020174236-998498845.jpg,All OCR texts are empty. Rejected raw OCR: 37C9518876
D:\dhtx\xulyanh\dhtx-xulyanh1\input\f-1742020562678-999484889.jpg,ocr_empty,,MMMMMMMMMMMMMM,0.929,"[631, 1956, 1198, 2106]",D:\dhtx\xulyanh\dhtx-xulyanh1\input-not-detect-2\f-1742020562678-999484889.jpg,All OCR texts are empty. Rejected raw OCR: MMMMMMMMMMMMMM
D:\dhtx\xulyanh\dhtx-xulyanh1\input\f-1742025336921-23119262.jpg,ocr_empty,,72,0.947,"[236, 2212, 1656, 2598]",D:\dhtx\xulyanh\dhtx-xulyanh1\input-not-detect-2\f-1742025336921-23119262.jpg,All OCR texts are empty. Rejected raw OCR: 72
D:\dhtx\xulyanh\dhtx-xulyanh1\input\f-1742025801457-755887503.jpg,ok,37H-05969,,0.884,"[890, 2302, 1482, 2604]",,At least one OCR text has a valid Vietnamese plate format.
D:\dhtx\xulyanh\dhtx-xulyanh1\input\f-1742025813941-153961505.jpeg,ok,37H-05969,,0.920,"[122, 359, 216, 407]",,At least one OCR text has a valid Vietnamese plate format.
D:\dhtx\xulyanh\dhtx-xulyanh1\input\f-1742027447448-806189216.jpeg,ok,35H-02177,,0.947,"[130, 335, 231, 397]",,At least one OCR text has a valid Vietnamese plate format.
D:\dhtx\xulyanh\dhtx-xulyanh1\input\f-1742027786057-970281280.jpeg,ok,37C-15488,,0.930,"[120, 351, 217, 402]",,At least one OCR text has a valid Vietnamese plate format.
D:\dhtx\xulyanh\dhtx-xulyanh1\input\f-1742029374876-327362174.jpg,ocr_empty,,37DD0034M,0.830,"[576, 1940, 1141, 2081]",D:\dhtx\xulyanh\dhtx-xulyanh1\input-not-detect-2\f-1742029374876-327362174.jpg,All OCR texts are empty. Rejected raw OCR: 37DD0034M
D:\dhtx\xulyanh\dhtx-xulyanh1\input\f-1742032494622-66444486.jpeg,ocr_empty,,NMZDL41368,0.422,"[103, 368, 241, 408]",D:\dhtx\xulyanh\dhtx-xulyanh1\input-not-detect-2\f-1742032494622-66444486.jpeg,All OCR texts are empty. Rejected raw OCR: NMZDL41368
D:\dhtx\xulyanh\dhtx-xulyanh1\input\f-1742037444593-592872226.jpeg,ok,37H-01993,,0.905,"[96, 327, 230, 400]",,At least one OCR text has a valid Vietnamese plate format.
D:\dhtx\xulyanh\dhtx-xulyanh1\input\f-1742040475619-240311853.jpg,ok,36H-04181,,0.932,"[932, 2326, 1501, 2645]",,At least one OCR text has a valid Vietnamese plate format.
D:\dhtx\xulyanh\dhtx-xulyanh1\input\f-1742040688723-293366304.jpg,ok,36MH-04181,,0.976,"[509, 2180, 1817, 2856]",,At least one OCR text has a valid Vietnamese plate format.
D:\dhtx\xulyanh\dhtx-xulyanh1\input\f-1742040796026-268173979.jpg,ok,41AC-36942,,0.852,"[682, 2303, 1390, 2639]",,At least one OCR text has a valid Vietnamese plate format.
D:\dhtx\xulyanh\dhtx-xulyanh1\input\f-1742041568593-935562294.jpg,ok,14HM-01758,,0.969,"[610, 2328, 1464, 2735]",,At least one OCR text has a valid Vietnamese plate format.
D:\dhtx\xulyanh\dhtx-xulyanh1\input\f-1742041664343-250461261.jpg,ok,99MB-51003,,0.941,"[387, 719, 752, 812]",,At least one OCR text has a valid Vietnamese plate format.
D:\dhtx\xulyanh\dhtx-xulyanh1\input\f-1742042672422-436528459.jpg,ok,29C-68519,,0.867,"[593, 741, 760, 829]",,At least one OCR text has a valid Vietnamese plate format.
D:\dhtx\xulyanh\dhtx-xulyanh1\input\f-1742044843356-447874704.jpg,ok,98H-03640,,0.886,"[1190, 1299, 1421, 1434]",,At least one OCR text has a valid Vietnamese plate format.
D:\dhtx\xulyanh\dhtx-xulyanh1\input\f-1742045671500-235421391.jpg,ok,29H-40336,,0.913,"[1063, 1162, 1435, 1359]",,At least one OCR text has a valid Vietnamese plate format.
D:\dhtx\xulyanh\dhtx-xulyanh1\input\f-1742047431807-895670597.jpeg,ok,20C-16160,,0.896,"[107, 358, 235, 394]",,At least one OCR text has a valid Vietnamese plate format.
D:\dhtx\xulyanh\dhtx-xulyanh1\input\f-1742047972768-751012929.jpeg,ok,29D-2410,,0.967,"[68, 304, 282, 356]",,At least one OCR text has a valid Vietnamese plate format.
D:\dhtx\xulyanh\dhtx-xulyanh1\input\f-1742051926220-516820895.jpg,ocr_empty,,00,0.812,"[438, 601, 723, 762]",D:\dhtx\xulyanh\dhtx-xulyanh1\input-not-detect-2\f-1742051926220-516820895.jpg,All OCR texts are empty. Rejected raw OCR: 00
D:\dhtx\xulyanh\dhtx-xulyanh1\input\f-1742053374278-469196137.jpeg,ocr_empty,,M4Z9K02006,0.900,"[99, 359, 230, 395]",D:\dhtx\xulyanh\dhtx-xulyanh1\input-not-detect-2\f-1742053374278-469196137.jpeg,All OCR texts are empty. Rejected raw OCR: M4Z9K02006
D:\dhtx\xulyanh\dhtx-xulyanh1\input\f-1742054800405-337835175.jpg,ocr_empty,,44ZA44429000058,0.911,"[581, 755, 762, 807]",D:\dhtx\xulyanh\dhtx-xulyanh1\input-not-detect-2\f-1742054800405-337835175.jpg,All OCR texts are empty. Rejected raw OCR: 44ZA44429000058
D:\dhtx\xulyanh\dhtx-xulyanh1\input\f-1742058822440-465044343.jpg,ok,98C-30792,,0.966,"[364, 386, 789, 651]",,At least one OCR text has a valid Vietnamese plate format.
D:\dhtx\xulyanh\dhtx-xulyanh1\input\f-1742060109148-833664887.jpg,ok,34C-20886,,0.944,"[533, 756, 650, 824]",,At least one OCR text has a valid Vietnamese plate format.
D:\dhtx\xulyanh\dhtx-xulyanh1\input\f-1742063255657-386553870.jpg,ok,89C-24571,,0.885,"[646, 760, 781, 851]",,At least one OCR text has a valid Vietnamese plate format.
D:\dhtx\xulyanh\dhtx-xulyanh1\input\f-1742066947337-281803391.jpg,ok,20T-6472,,0.895,"[658, 2360, 1460, 2580]",,At least one OCR text has a valid Vietnamese plate format.
D:\dhtx\xulyanh\dhtx-xulyanh1\input\f-1742077996469-366035185.jpg,ok,34T-1247,,0.954,"[404, 1187, 636, 1314]",,At least one OCR text has a valid Vietnamese plate format.
D:\dhtx\xulyanh\dhtx-xulyanh1\input\f-1742084670452-204225622.jpeg,ok,89G-00492,,0.890,"[30, 325, 300, 446]",,At least one OCR text has a valid Vietnamese plate format.
D:\dhtx\xulyanh\dhtx-xulyanh1\input\f-1742086036496-151565381.jpg,ok,30D-00434,,0.938,"[606, 1908, 1202, 2059]",,At least one OCR text has a valid Vietnamese plate format.
D:\dhtx\xulyanh\dhtx-xulyanh1\input\f-1742088018614-894276499.jpg,ocr_empty,,A,0.823,"[796, 2363, 1404, 2545]",D:\dhtx\xulyanh\dhtx-xulyanh1\input-not-detect-2\f-1742088018614-894276499.jpg,All OCR texts are empty. Rejected raw OCR: A
D:\dhtx\xulyanh\dhtx-xulyanh1\input\f-1742089412889-620907628.jpeg,ocr_empty,,28Z-8481,0.859,"[114, 361, 221, 389]",D:\dhtx\xulyanh\dhtx-xulyanh1\input-not-detect-2\f-1742089412889-620907628.jpeg,All OCR texts are empty. Rejected raw OCR: 28Z-8481
D:\dhtx\xulyanh\dhtx-xulyanh1\input\f-1742090292932-466313252.jpg,ok,51C-41403,,0.946,"[784, 2295, 1233, 2631]",,At least one OCR text has a valid Vietnamese plate format.
D:\dhtx\xulyanh\dhtx-xulyanh1\input\f-1742090441968-981120230.jpg,ok,51D-36779,,0.955,"[727, 1967, 1000, 2150]",,At least one OCR text has a valid Vietnamese plate format.
D:\dhtx\xulyanh\dhtx-xulyanh1\input\f-1742091859838-515442044.jpg,ocr_empty, | ,49 | ,0.984 | 0.574,"[1528, 1839, 2982, 2453] | [33, 2162, 1825, 2491]",D:\dhtx\xulyanh\dhtx-xulyanh1\input-not-detect-2\f-1742091859838-515442044.jpg,All OCR texts are empty. Rejected raw OCR: 49
D:\dhtx\xulyanh\dhtx-xulyanh1\input\f-1742093919635-728718228.jpeg,ocr_empty,,34HD19494906,0.915,"[138, 354, 189, 384]",D:\dhtx\xulyanh\dhtx-xulyanh1\input-not-detect-2\f-1742093919635-728718228.jpeg,All OCR texts are empty. Rejected raw OCR: 34HD19494906
D:\dhtx\xulyanh\dhtx-xulyanh1\input\f-1742097392728-61940525.jpeg,ocr_empty, | ,N4C7H02657 | 51,0.940 | 0.304,"[115, 351, 210, 402] | [110, 39, 206, 106]",D:\dhtx\xulyanh\dhtx-xulyanh1\input-not-detect-2\f-1742097392728-61940525.jpeg,All OCR texts are empty. Rejected raw OCR: N4C7H02657 | 51
D:\dhtx\xulyanh\dhtx-xulyanh1\input\f-1742099066533-172490802.jpeg,ok,37H-02621,,0.982,"[68, 341, 280, 442]",,At least one OCR text has a valid Vietnamese plate format.
D:\dhtx\xulyanh\dhtx-xulyanh1\input\f-1742106926635-901204144.jpg,no_plate_detected,,,,,D:\dhtx\xulyanh\dhtx-xulyanh1\input-not-detect-2\f-1742106926635-901204144.jpg,Pipeline returned no plate result.
D:\dhtx\xulyanh\dhtx-xulyanh1\input\f-1742107296667-987994877.jpeg,ok,37H-01971,,0.901,"[113, 363, 214, 416]",,At least one OCR text has a valid Vietnamese plate format.
D:\dhtx\xulyanh\dhtx-xulyanh1\input\f-1742108786542-142337226.jpg,ok,37C-31258,,0.930,"[915, 2304, 1367, 2620]",,At least one OCR text has a valid Vietnamese plate format.
D:\dhtx\xulyanh\dhtx-xulyanh1\input\f-1742109033223-39951056.jpeg,ok,37H-07720,,0.901,"[115, 351, 205, 397]",,At least one OCR text has a valid Vietnamese plate format.
D:\dhtx\xulyanh\dhtx-xulyanh1\input\f-1742109657213-920926609.jpg,ok,37MH-03631,,0.957,"[702, 2230, 1591, 2692]",,At least one OCR text has a valid Vietnamese plate format.
D:\dhtx\xulyanh\dhtx-xulyanh1\input\f-1742111560446-643857549.jpg,ok,37M-03631 | , | ,0.961 | 0.407,"[778, 2228, 1587, 2695] | [731, 218, 1942, 556]",,At least one OCR text has a valid Vietnamese plate format.
D:\dhtx\xulyanh\dhtx-xulyanh1\input\f-1742111585587-210540560.jpg,ok,18H-02943,,0.905,"[489, 1482, 892, 1703]",,At least one OCR text has a valid Vietnamese plate format.
D:\dhtx\xulyanh\dhtx-xulyanh1\input\f-1742115007770-912447293.jpeg,ok,37CT-98158,,0.939,"[118, 358, 214, 403]",,At least one OCR text has a valid Vietnamese plate format.
D:\dhtx\xulyanh\dhtx-xulyanh1\input\f-1742119356763-884725922.jpg,ok,29H-55625,,0.949,"[153, 862, 445, 992]",,At least one OCR text has a valid Vietnamese plate format.
D:\dhtx\xulyanh\dhtx-xulyanh1\input\f-1742119541617-920453169.jpg,ocr_empty,,9B371,0.690,"[125, 511, 734, 637]",D:\dhtx\xulyanh\dhtx-xulyanh1\input-not-detect-2\f-1742119541617-920453169.jpg,All OCR texts are empty. Rejected raw OCR: 9B371
D:\dhtx\xulyanh\dhtx-xulyanh1\input\f-1742119772634-4820385.jpeg,ok,37CD-004.34,,0.950,"[78, 330, 272, 374]",,At least one OCR text has a valid Vietnamese plate format.
D:\dhtx\xulyanh\dhtx-xulyanh1\input\f-1742122316367-598564690.jpg,ok,37HM-08300,,0.914,"[613, 652, 730, 685]",,At least one OCR text has a valid Vietnamese plate format.
D:\dhtx\xulyanh\dhtx-xulyanh1\input\f-1742123250210-926701912.jpg,ok,29XK-02101,,0.824,"[862, 2328, 1378, 2490]",,At least one OCR text has a valid Vietnamese plate format.
D:\dhtx\xulyanh\dhtx-xulyanh1\input\f-1742133029929-203037839.jpeg,ocr_empty,,489C24571,0.883,"[138, 339, 236, 395]",D:\dhtx\xulyanh\dhtx-xulyanh1\input-not-detect-2\f-1742133029929-203037839.jpeg,All OCR texts are empty. Rejected raw OCR: 489C24571
D:\dhtx\xulyanh\dhtx-xulyanh1\input\f-1742136810145-336865304.jpg,ocr_empty,,1,0.922,"[417, 546, 713, 734]",D:\dhtx\xulyanh\dhtx-xulyanh1\input-not-detect-2\f-1742136810145-336865304.jpg,All OCR texts are empty. Rejected raw OCR: 1
D:\dhtx\xulyanh\dhtx-xulyanh1\input\f-1742140441551-505676716.jpg,ok,20F-00565,,0.884,"[847, 2304, 1314, 2586]",,At least one OCR text has a valid Vietnamese plate format.
D:\dhtx\xulyanh\dhtx-xulyanh1\input\f-1742144254176-697539660.jpg,ok,98T-32091,,0.916,"[247, 681, 671, 778]",,At least one OCR text has a valid Vietnamese plate format.
D:\dhtx\xulyanh\dhtx-xulyanh1\input\f-1742146855428-760973704.jpeg,ok,34GC-4801,,0.952,"[77, 359, 230, 419]",,At least one OCR text has a valid Vietnamese plate format.
D:\dhtx\xulyanh\dhtx-xulyanh1\input\f-1742151501163-374917527.jpeg,ok,34C-20886,,0.941,"[123, 369, 200, 412]",,At least one OCR text has a valid Vietnamese plate format.
D:\dhtx\xulyanh\dhtx-xulyanh1\input\f-1742158106238-745202626.jpeg,ok,34H-03648,,0.944,"[130, 367, 227, 423]",,At least one OCR text has a valid Vietnamese plate format.
D:\dhtx\xulyanh\dhtx-xulyanh1\input\f-1742159145429-374845978.jpeg,ok,34C-20940,,0.919,"[150, 372, 219, 410]",,At least one OCR text has a valid Vietnamese plate format.
D:\dhtx\xulyanh\dhtx-xulyanh1\input\f-1742161419377-518255360.jpeg,ok,20C-25735,,0.887,"[131, 363, 210, 397]",,At least one OCR text has a valid Vietnamese plate format.
D:\dhtx\xulyanh\dhtx-xulyanh1\input\f-1742161474416-524472436.jpg,ocr_empty, | ,M3TAC209230 | ,0.878 | 0.595,"[671, 645, 812, 728] | [1154, 359, 1280, 515]",D:\dhtx\xulyanh\dhtx-xulyanh1\input-not-detect-2\f-1742161474416-524472436.jpg,All OCR texts are empty. Rejected raw OCR: M3TAC209230
D:\dhtx\xulyanh\dhtx-xulyanh1\input\f-1742169833422-524390641.jpg,ok,37C-46597,,0.860,"[1744, 2428, 2390, 2763]",,At least one OCR text has a valid Vietnamese plate format.
D:\dhtx\xulyanh\dhtx-xulyanh1\input\f-1742174043929-243426732.jpg,ocr_empty,,14422,0.466,"[882, 2320, 1332, 2695]",D:\dhtx\xulyanh\dhtx-xulyanh1\input-not-detect-2\f-1742174043929-243426732.jpg,All OCR texts are empty. Rejected raw OCR: 14422
D:\dhtx\xulyanh\dhtx-xulyanh1\input\f-1742174559490-646904449.jpeg,ok,37H-01993,,0.927,"[107, 335, 226, 400]",,At least one OCR text has a valid Vietnamese plate format.
D:\dhtx\xulyanh\dhtx-xulyanh1\input\f-1742175253347-962398934.jpg,ok,35H-02196,,0.942,"[789, 2278, 1604, 2704]",,At least one OCR text has a valid Vietnamese plate format.
D:\dhtx\xulyanh\dhtx-xulyanh1\input\f-1742177126819-999767178.jpg,ok,37C-20568,,0.963,"[574, 1866, 1203, 2196]",,At least one OCR text has a valid Vietnamese plate format.
D:\dhtx\xulyanh\dhtx-xulyanh1\input\f-1742178881913-245870710.jpg,ok,34CC-02220,,0.830,"[842, 2283, 1399, 2703]",,At least one OCR text has a valid Vietnamese plate format.
D:\dhtx\xulyanh\dhtx-xulyanh1\input\f-1742181747772-77645060.jpg,ok,93GT-46121,,0.789,"[711, 2189, 1401, 2422]",,At least one OCR text has a valid Vietnamese plate format.
D:\dhtx\xulyanh\dhtx-xulyanh1\input\f-1742182095237-320597065.jpg,ocr_empty,,3747,0.873,"[513, 1923, 1259, 2127]",D:\dhtx\xulyanh\dhtx-xulyanh1\input-not-detect-2\f-1742182095237-320597065.jpg,All OCR texts are empty. Rejected raw OCR: 3747
D:\dhtx\xulyanh\dhtx-xulyanh1\input\f-1742182554227-233693479.jpg,ok,37E-00688,,0.984,"[366, 1796, 1601, 2407]",,At least one OCR text has a valid Vietnamese plate format.
D:\dhtx\xulyanh\dhtx-xulyanh1\input\f-1742184498033-118405407.jpeg,ocr_empty,,3M,0.906,"[45, 301, 297, 427]",D:\dhtx\xulyanh\dhtx-xulyanh1\input-not-detect-2\f-1742184498033-118405407.jpeg,All OCR texts are empty. Rejected raw OCR: 3M
D:\dhtx\xulyanh\dhtx-xulyanh1\input\f-1742184842413-274927881.jpeg,ok,37TC-26941,,0.891,"[105, 363, 234, 396]",,At least one OCR text has a valid Vietnamese plate format.
D:\dhtx\xulyanh\dhtx-xulyanh1\input\f-1742186507065-871500180.jpg,ocr_empty,,99CD2958M,0.939,"[440, 404, 845, 614]",D:\dhtx\xulyanh\dhtx-xulyanh1\input-not-detect-2\f-1742186507065-871500180.jpg,All OCR texts are empty. Rejected raw OCR: 99CD2958M
D:\dhtx\xulyanh\dhtx-xulyanh1\input\f-1742197565881-495551056.jpg,ok,98DD-00103,,0.693,"[353, 852, 708, 944]",,At least one OCR text has a valid Vietnamese plate format.
D:\dhtx\xulyanh\dhtx-xulyanh1\input\f-1742197885579-820470399.jpg,ok,37T-54835,,0.908,"[542, 1910, 1290, 2090]",,At least one OCR text has a valid Vietnamese plate format.
D:\dhtx\xulyanh\dhtx-xulyanh1\input\f-1742220311489-134604756.jpg,ocr_empty, | ,MD | 229T00083,0.548 | 0.314,"[118, 1934, 1594, 2157] | [272, 1907, 1580, 2249]",D:\dhtx\xulyanh\dhtx-xulyanh1\input-not-detect-2\f-1742220311489-134604756.jpg,All OCR texts are empty. Rejected raw OCR: MD | 229T00083
D:\dhtx\xulyanh\dhtx-xulyanh1\input\f-1742221627719-85655918.jpg,ok,29H-24658,,0.786,"[806, 2319, 1135, 2522]",,At least one OCR text has a valid Vietnamese plate format.
D:\dhtx\xulyanh\dhtx-xulyanh1\input\f-1742221999719-550513556.jpeg,ok,29K-04335,,0.884,"[98, 359, 236, 395]",,At least one OCR text has a valid Vietnamese plate format.
D:\dhtx\xulyanh\dhtx-xulyanh1\input\f-1742223667623-315156975.jpg,ok,29CD-024.06,,0.886,"[764, 2284, 1444, 2470]",,At least one OCR text has a valid Vietnamese plate format.
D:\dhtx\xulyanh\dhtx-xulyanh1\input\f-1742225927378-792325481.jpg,ocr_empty,,29DC0000437,0.795,"[419, 916, 547, 998]",D:\dhtx\xulyanh\dhtx-xulyanh1\input-not-detect-2\f-1742225927378-792325481.jpg,All OCR texts are empty. Rejected raw OCR: 29DC0000437
D:\dhtx\xulyanh\dhtx-xulyanh1\input\f-1742226273245-222716111.jpg,ok,37CS-34517,,0.293,"[223, 461, 1019, 849]",,At least one OCR text has a valid Vietnamese plate format.
D:\dhtx\xulyanh\dhtx-xulyanh1\input\f-1742227493922-631713377.jpg,ok,20DH-02370,,0.943,"[843, 2378, 1295, 2636]",,At least one OCR text has a valid Vietnamese plate format.
D:\dhtx\xulyanh\dhtx-xulyanh1\input\f-1742229952494-532799924.jpg,ok,98C-2091,,0.929,"[372, 928, 621, 989]",,At least one OCR text has a valid Vietnamese plate format.
D:\dhtx\xulyanh\dhtx-xulyanh1\input\f-1742230267454-346155464.jpg,ok,29CD-004.37,,0.900,"[402, 975, 552, 1062]",,At least one OCR text has a valid Vietnamese plate format.
D:\dhtx\xulyanh\dhtx-xulyanh1\input\f-1742230268031-916579019.jpg,ok,20T-85204,,0.907,"[807, 2273, 1342, 2420]",,At least one OCR text has a valid Vietnamese plate format.
D:\dhtx\xulyanh\dhtx-xulyanh1\input\f-1742233029906-538804913.jpg,ok,29K-10749,,0.897,"[814, 2289, 1352, 2439]",,At least one OCR text has a valid Vietnamese plate format.
D:\dhtx\xulyanh\dhtx-xulyanh1\input\f-1742233557857-707020875.jpeg,ocr_empty, | ,29KD20111M11 | 42Z0HUMM,0.907 | 0.729,"[114, 356, 210, 384] | [116, 355, 259, 385]",D:\dhtx\xulyanh\dhtx-xulyanh1\input-not-detect-2\f-1742233557857-707020875.jpeg,All OCR texts are empty. Rejected raw OCR: 29KD20111M11 | 42Z0HUMM
D:\dhtx\xulyanh\dhtx-xulyanh1\input\f-1742235447310-53983054.jpg,ok,29CD-043.71,,0.898,"[389, 1002, 583, 1111]",,At least one OCR text has a valid Vietnamese plate format.
D:\dhtx\xulyanh\dhtx-xulyanh1\input\f-1742240781294-582777011.jpg,ocr_empty,,0041,0.921,"[650, 2340, 1559, 2566]",D:\dhtx\xulyanh\dhtx-xulyanh1\input-not-detect-2\f-1742240781294-582777011.jpg,All OCR texts are empty. Rejected raw OCR: 0041
D:\dhtx\xulyanh\dhtx-xulyanh1\input\f-1742250820853-180220881.jpeg,ok,29T-0749,,0.869,"[91, 345, 257, 384]",,At least one OCR text has a valid Vietnamese plate format.
D:\dhtx\xulyanh\dhtx-xulyanh1\input\f-1742253693398-46777336.jpg,ok,33D-0144,,0.933,"[468, 1597, 1001, 1723]",,At least one OCR text has a valid Vietnamese plate format.
D:\dhtx\xulyanh\dhtx-xulyanh1\input\f-1742266280028-341906296.jpeg,ok,18HD-32689,,0.934,"[110, 349, 225, 408]",,At least one OCR text has a valid Vietnamese plate format.
D:\dhtx\xulyanh\dhtx-xulyanh1\input\f-1742274257491-179808636.jpeg,ok,37C-19199,,0.945,"[71, 286, 273, 414]",,At least one OCR text has a valid Vietnamese plate format.
D:\dhtx\xulyanh\dhtx-xulyanh1\input\f-1742275859258-140600563.jpeg,ok,37H-04576,,0.892,"[130, 352, 208, 403]",,At least one OCR text has a valid Vietnamese plate format.
D:\dhtx\xulyanh\dhtx-xulyanh1\input\f-1742280426381-450932116.jpg,ok,37C-46597,,0.869,"[700, 1954, 1119, 2190]",,At least one OCR text has a valid Vietnamese plate format.
D:\dhtx\xulyanh\dhtx-xulyanh1\input\f-1742282631225-962727985.jpg,ok,37F-00361,,0.911,"[704, 1903, 1166, 2168]",,At least one OCR text has a valid Vietnamese plate format.
D:\dhtx\xulyanh\dhtx-xulyanh1\input\f-1742283043167-53172461.jpg,ok,37H-07057,,0.880,"[1407, 3054, 1762, 3262]",,At least one OCR text has a valid Vietnamese plate format.
D:\dhtx\xulyanh\dhtx-xulyanh1\input\f-1742283564465-174554412.jpeg,ok,37H-01971,,0.862,"[139, 362, 192, 390]",,At least one OCR text has a valid Vietnamese plate format.
D:\dhtx\xulyanh\dhtx-xulyanh1\input\f-1742286400897-788978379.jpg,ok,37H-07057,,0.930,"[876, 2317, 1249, 2525]",,At least one OCR text has a valid Vietnamese plate format.
D:\dhtx\xulyanh\dhtx-xulyanh1\input\f-1742289181288-651061665.jpeg,ok,20HT-00059 | 20HT-00059, | ,0.699 | 0.294,"[134, 364, 211, 412] | [104, 363, 213, 413]",,At least one OCR text has a valid Vietnamese plate format.
D:\dhtx\xulyanh\dhtx-xulyanh1\input\f-1742291085695-938790158.jpg,ok,98BA-87819,,0.891,"[446, 814, 651, 919]",,At least one OCR text has a valid Vietnamese plate format.
D:\dhtx\xulyanh\dhtx-xulyanh1\input\f-1742292784488-130392508.jpg,no_plate_detected,,,,,D:\dhtx\xulyanh\dhtx-xulyanh1\input-not-detect-2\f-1742292784488-130392508.jpg,Pipeline returned no plate result.
D:\dhtx\xulyanh\dhtx-xulyanh1\input\f-1742295382144-594308048.jpg,ok,29E-05288,,0.910,"[511, 719, 701, 828]",,At least one OCR text has a valid Vietnamese plate format.
D:\dhtx\xulyanh\dhtx-xulyanh1\input\f-1742295833288-432787689.jpg,no_plate_detected,,,,,D:\dhtx\xulyanh\dhtx-xulyanh1\input-not-detect-2\f-1742295833288-432787689.jpg,Pipeline returned no plate result.
D:\dhtx\xulyanh\dhtx-xulyanh1\input\f-1742298108648-639286432.jpg,ok,98CD-091.57,,0.881,"[781, 653, 896, 738]",,At least one OCR text has a valid Vietnamese plate format.
D:\dhtx\xulyanh\dhtx-xulyanh1\input\f-1742298841105-860909616.jpg,ok,36H-04181,,0.947,"[756, 2209, 1361, 2535]",,At least one OCR text has a valid Vietnamese plate format.
D:\dhtx\xulyanh\dhtx-xulyanh1\input\f-1742299000222-153598357.jpg,ok,98C-09157,,0.865,"[302, 870, 516, 1003]",,At least one OCR text has a valid Vietnamese plate format.
D:\dhtx\xulyanh\dhtx-xulyanh1\input\f-1742299344668-910424332.jpeg,ok,20DH-01261,,0.894,"[130, 363, 203, 401]",,At least one OCR text has a valid Vietnamese plate format.
D:\dhtx\xulyanh\dhtx-xulyanh1\input\f-1742300923575-472304829.jpg,ocr_empty,,M,0.940,"[171, 757, 667, 891]",D:\dhtx\xulyanh\dhtx-xulyanh1\input-not-detect-2\f-1742300923575-472304829.jpg,All OCR texts are empty. Rejected raw OCR: M
D:\dhtx\xulyanh\dhtx-xulyanh1\input\f-1742301105309-882938612.jpg,ok,98H-03326 | , | M0DB0808000,0.697 | 0.562,"[264, 310, 355, 366] | [186, 121, 441, 179]",,At least one OCR text has a valid Vietnamese plate format.
D:\dhtx\xulyanh\dhtx-xulyanh1\input\f-1742301113449-284003803.jpg,ocr_empty,,29D2365M,0.885,"[651, 2359, 1534, 2604]",D:\dhtx\xulyanh\dhtx-xulyanh1\input-not-detect-2\f-1742301113449-284003803.jpg,All OCR texts are empty. Rejected raw OCR: 29D2365M
D:\dhtx\xulyanh\dhtx-xulyanh1\input\f-1742302085809-543274945.jpg,ok,43AE-00765,,0.869,"[575, 568, 659, 623]",,At least one OCR text has a valid Vietnamese plate format.
D:\dhtx\xulyanh\dhtx-xulyanh1\input\f-1742310538144-426676681.jpeg,ok,20H-00002,,0.915,"[121, 365, 207, 410]",,At least one OCR text has a valid Vietnamese plate format.
D:\dhtx\xulyanh\dhtx-xulyanh1\input\f-1742311202929-877628277.jpeg,ok,29K-02300,,0.939,"[101, 360, 240, 392]",,At least one OCR text has a valid Vietnamese plate format.
D:\dhtx\xulyanh\dhtx-xulyanh1\input\f-1742326728499-804276811.jpg,ocr_empty,,44100,0.903,"[550, 540, 665, 609]",D:\dhtx\xulyanh\dhtx-xulyanh1\input-not-detect-2\f-1742326728499-804276811.jpg,All OCR texts are empty. Rejected raw OCR: 44100
D:\dhtx\xulyanh\dhtx-xulyanh1\input\f-1742330468609-318200430.jpeg,ok,20CT-48381 | , | 7,0.814 | 0.301,"[95, 370, 226, 400] | [87, 18, 226, 59]",,At least one OCR text has a valid Vietnamese plate format.
D:\dhtx\xulyanh\dhtx-xulyanh1\input\f-1742331514301-559869065.jpeg,ok,89C-24515,,0.906,"[113, 367, 196, 418]",,At least one OCR text has a valid Vietnamese plate format.
D:\dhtx\xulyanh\dhtx-xulyanh1\input\f-1742332735588-594732536.jpeg,ok,89C-24534,,0.923,"[122, 364, 193, 409]",,At least one OCR text has a valid Vietnamese plate format.
D:\dhtx\xulyanh\dhtx-xulyanh1\input\f-1742341564278-143030813.jpg,no_plate_detected,,,,,D:\dhtx\xulyanh\dhtx-xulyanh1\input-not-detect-2\f-1742341564278-143030813.jpg,Pipeline returned no plate result.
D:\dhtx\xulyanh\dhtx-xulyanh1\input\f-1742348277633-176918284.jpeg,ok,37H-09711,,0.965,"[67, 322, 273, 429]",,At least one OCR text has a valid Vietnamese plate format.
D:\dhtx\xulyanh\dhtx-xulyanh1\input\f-1742348751430-875333626.jpeg,ok,37C-46985,,0.805,"[107, 326, 244, 403]",,At least one OCR text has a valid Vietnamese plate format.
D:\dhtx\xulyanh\dhtx-xulyanh1\input\f-1742349806767-437338682.jpg,ok,37HD-97114,,0.968,"[542, 704, 797, 845]",,At least one OCR text has a valid Vietnamese plate format.
D:\dhtx\xulyanh\dhtx-xulyanh1\input\f-1742351040752-292830734.jpg,ok,37C-52880,,0.939,"[728, 2086, 1791, 2687]",,At least one OCR text has a valid Vietnamese plate format.
D:\dhtx\xulyanh\dhtx-xulyanh1\input\f-1742351450793-947692297.jpg,ok,37C-32078,,0.860,"[445, 1501, 885, 1758]",,At least one OCR text has a valid Vietnamese plate format.
D:\dhtx\xulyanh\dhtx-xulyanh1\input\f-1742353191912-834917288.jpg,ok,14C-36942 | , | 0,0.757 | 0.406,"[1240, 2813, 1698, 3118] | [10, 2803, 589, 3129]",,At least one OCR text has a valid Vietnamese plate format.
D:\dhtx\xulyanh\dhtx-xulyanh1\input\f-1742353375749-245015305.jpeg,ok,37C-46597,,0.921,"[131, 357, 210, 402]",,At least one OCR text has a valid Vietnamese plate format.
D:\dhtx\xulyanh\dhtx-xulyanh1\input\f-1742357146027-702658709.jpeg,ok,99H-00256,,0.922,"[120, 349, 218, 397]",,At least one OCR text has a valid Vietnamese plate format.
D:\dhtx\xulyanh\dhtx-xulyanh1\input\f-1742358334021-251488915.jpeg,ok,37D-17887,,0.929,"[52, 344, 260, 397]",,At least one OCR text has a valid Vietnamese plate format.
D:\dhtx\xulyanh\dhtx-xulyanh1\input\f-1742362198872-2380214.jpg,ok,37MH-02457,,0.975,"[609, 2161, 1617, 2657]",,At least one OCR text has a valid Vietnamese plate format.
D:\dhtx\xulyanh\dhtx-xulyanh1\input\f-1742366139512-235463062.jpg,no_plate_detected,,,,,D:\dhtx\xulyanh\dhtx-xulyanh1\input-not-detect-2\f-1742366139512-235463062.jpg,Pipeline returned no plate result.
D:\dhtx\xulyanh\dhtx-xulyanh1\input\f-1742367871765-366265651.jpg,ok,37CC-45720,,0.936,"[190, 1268, 1189, 1814]",,At least one OCR text has a valid Vietnamese plate format.
D:\dhtx\xulyanh\dhtx-xulyanh1\input\f-1742368464214-964702782.jpg,ok,37C-20568,,0.971,"[499, 2086, 1690, 2642]",,At least one OCR text has a valid Vietnamese plate format.
D:\dhtx\xulyanh\dhtx-xulyanh1\input\f-1742368937208-903492580.jpg,ok,98C-06485,,0.894,"[276, 871, 412, 948]",,At least one OCR text has a valid Vietnamese plate format.
D:\dhtx\xulyanh\dhtx-xulyanh1\input\f-1742368991756-303934176.jpeg,ok,29D-00083,,0.721,"[112, 361, 234, 393]",,At least one OCR text has a valid Vietnamese plate format.
D:\dhtx\xulyanh\dhtx-xulyanh1\input\f-1742368992756-728554569.jpg,ok,29CD-008.83 | , | MNM200083,0.742 | 0.638,"[729, 2327, 1350, 2516] | [707, 2314, 1740, 2519]",,At least one OCR text has a valid Vietnamese plate format.
D:\dhtx\xulyanh\dhtx-xulyanh1\input\f-1742369057467-540219209.jpg,ocr_empty,,T241,0.897,"[502, 2320, 1600, 2583]",D:\dhtx\xulyanh\dhtx-xulyanh1\input-not-detect-2\f-1742369057467-540219209.jpg,All OCR texts are empty. Rejected raw OCR: T241
D:\dhtx\xulyanh\dhtx-xulyanh1\input\f-1742370240885-946084403.jpeg,ok,20C-30918,,0.871,"[109, 366, 207, 416]",,At least one OCR text has a valid Vietnamese plate format.
D:\dhtx\xulyanh\dhtx-xulyanh1\input\f-1742374878744-739128845.jpeg,ocr_empty,,00DD14P4221,0.553,"[141, 342, 242, 404]",D:\dhtx\xulyanh\dhtx-xulyanh1\input-not-detect-2\f-1742374878744-739128845.jpeg,All OCR texts are empty. Rejected raw OCR: 00DD14P4221
D:\dhtx\xulyanh\dhtx-xulyanh1\input\f-1742375107807-324904246.jpeg,ocr_empty,,43SG00051L1,0.472,"[0, 276, 327, 451]",D:\dhtx\xulyanh\dhtx-xulyanh1\input-not-detect-2\f-1742375107807-324904246.jpeg,All OCR texts are empty. Rejected raw OCR: 43SG00051L1
D:\dhtx\xulyanh\dhtx-xulyanh1\input\f-1742375556218-723982664.jpeg,ok,20CC-28645,,0.884,"[120, 365, 222, 414]",,At least one OCR text has a valid Vietnamese plate format.
D:\dhtx\xulyanh\dhtx-xulyanh1\input\f-1742375640798-129515397.jpeg,ok,35H-02196,,0.918,"[128, 360, 202, 398]",,At least one OCR text has a valid Vietnamese plate format.
D:\dhtx\xulyanh\dhtx-xulyanh1\input\f-1742376774625-537191376.jpeg,ok,37C-20568,,0.982,"[63, 329, 278, 435]",,At least one OCR text has a valid Vietnamese plate format.
D:\dhtx\xulyanh\dhtx-xulyanh1\input\f-1742378003810-267289152.jpeg,ok,37H-05078,,0.963,"[95, 358, 244, 433]",,At least one OCR text has a valid Vietnamese plate format.
D:\dhtx\xulyanh\dhtx-xulyanh1\input\f-1742380598094-252988186.jpeg,ok,36H-03695,,0.959,"[123, 356, 209, 401]",,At least one OCR text has a valid Vietnamese plate format.
D:\dhtx\xulyanh\dhtx-xulyanh1\input\f-1742382997260-429792608.jpeg,ok,35G-00051,,0.853,"[128, 347, 222, 401]",,At least one OCR text has a valid Vietnamese plate format.
D:\dhtx\xulyanh\dhtx-xulyanh1\input\f-1742384264107-144096275.jpg,ok,99CL-19484,,0.958,"[330, 537, 621, 695]",,At least one OCR text has a valid Vietnamese plate format.
D:\dhtx\xulyanh\dhtx-xulyanh1\input\f-1742384347752-331729319.jpeg,ocr_empty, | ,M2D0083M | 72BC00000837M,0.674 | 0.268,"[105, 366, 303, 411] | [113, 363, 300, 430]",D:\dhtx\xulyanh\dhtx-xulyanh1\input-not-detect-2\f-1742384347752-331729319.jpeg,All OCR texts are empty. Rejected raw OCR: M2D0083M | 72BC00000837M
D:\dhtx\xulyanh\dhtx-xulyanh1\input\f-1742385208569-262622625.jpg,ok,98BC-31414,,0.967,"[239, 407, 583, 607]",,At least one OCR text has a valid Vietnamese plate format.
D:\dhtx\xulyanh\dhtx-xulyanh1\input\f-1742385808228-501408374.jpg,ok,20C-20214,,0.971,"[156, 779, 447, 919]",,At least one OCR text has a valid Vietnamese plate format.
D:\dhtx\xulyanh\dhtx-xulyanh1\input\f-1742386114771-508122381.jpeg,ok,29K-02399,,0.884,"[88, 365, 252, 411]",,At least one OCR text has a valid Vietnamese plate format.
D:\dhtx\xulyanh\dhtx-xulyanh1\input\f-1742387206364-338753396.jpg,ocr_empty,,8336,0.259,"[271, 57, 909, 486]",D:\dhtx\xulyanh\dhtx-xulyanh1\input-not-detect-2\f-1742387206364-338753396.jpg,All OCR texts are empty. Rejected raw OCR: 8336
D:\dhtx\xulyanh\dhtx-xulyanh1\input\f-1742387917978-910500858.jpeg,ocr_empty,,889C25005,0.947,"[116, 368, 192, 412]",D:\dhtx\xulyanh\dhtx-xulyanh1\input-not-detect-2\f-1742387917978-910500858.jpeg,All OCR texts are empty. Rejected raw OCR: 889C25005
D:\dhtx\xulyanh\dhtx-xulyanh1\input\f-1742389900545-481440862.jpg,no_plate_detected,,,,,D:\dhtx\xulyanh\dhtx-xulyanh1\input-not-detect-2\f-1742389900545-481440862.jpg,Pipeline returned no plate result.
D:\dhtx\xulyanh\dhtx-xulyanh1\input\f-1742398866535-579172882.jpeg,ok,20C-06170,,0.901,"[117, 360, 205, 405]",,At least one OCR text has a valid Vietnamese plate format.
D:\dhtx\xulyanh\dhtx-xulyanh1\input\f-1742400663757-701357235.jpg,ocr_empty,,0DMM,0.505,"[84, 2182, 2059, 2647]",D:\dhtx\xulyanh\dhtx-xulyanh1\input-not-detect-2\f-1742400663757-701357235.jpg,All OCR texts are empty. Rejected raw OCR: 0DMM
D:\dhtx\xulyanh\dhtx-xulyanh1\input\f-1742403655992-574065493.jpeg,ok,20C-06856,,0.926,"[128, 367, 211, 411]",,At least one OCR text has a valid Vietnamese plate format.
D:\dhtx\xulyanh\dhtx-xulyanh1\input\f-1742404423764-382031575.jpg,no_plate_detected,,,,,D:\dhtx\xulyanh\dhtx-xulyanh1\input-not-detect-2\f-1742404423764-382031575.jpg,Pipeline returned no plate result.
D:\dhtx\xulyanh\dhtx-xulyanh1\input\f-1742405964047-583448607.jpg,ok,34C-1117,,0.769,"[394, 758, 547, 849]",,At least one OCR text has a valid Vietnamese plate format.
D:\dhtx\xulyanh\dhtx-xulyanh1\input\f-1742407363170-750502284.jpeg,ok,20C-06244,,0.929,"[121, 369, 201, 411]",,At least one OCR text has a valid Vietnamese plate format.
D:\dhtx\xulyanh\dhtx-xulyanh1\input\f-1742416089266-582411011.jpeg,ok,20CM-06769,,0.933,"[130, 362, 210, 407]",,At least one OCR text has a valid Vietnamese plate format.
D:\dhtx\xulyanh\dhtx-xulyanh1\input\f-1742418664970-228748854.jpg,ok,20C-06782,,0.944,"[881, 2327, 1343, 2572]",,At least one OCR text has a valid Vietnamese plate format.
D:\dhtx\xulyanh\dhtx-xulyanh1\input\f-1742424682308-802006012.jpg,ok,20C-04080,,0.959,"[689, 2318, 1437, 2711]",,At least one OCR text has a valid Vietnamese plate format.
D:\dhtx\xulyanh\dhtx-xulyanh1\input\f-1742430403380-937720162.jpeg,ok,37H-09040,,0.711,"[21, 315, 321, 466]",,At least one OCR text has a valid Vietnamese plate format.
D:\dhtx\xulyanh\dhtx-xulyanh1\input\f-1742432649911-851680071.jpg,ok,37H-00453,,0.972,"[631, 2176, 1478, 2618]",,At least one OCR text has a valid Vietnamese plate format.
D:\dhtx\xulyanh\dhtx-xulyanh1\input\f-1742433652824-137897632.jpg,ok,37HD-45888,,0.904,"[327, 1921, 1911, 2732]",,At least one OCR text has a valid Vietnamese plate format.
D:\dhtx\xulyanh\dhtx-xulyanh1\input\f-1742435607626-516783417.jpg,ok,89E-00553,,0.921,"[1401, 3031, 1845, 3275]",,At least one OCR text has a valid Vietnamese plate format.
D:\dhtx\xulyanh\dhtx-xulyanh1\input\f-1742435727871-240178929.jpeg,no_plate_detected,,,,,D:\dhtx\xulyanh\dhtx-xulyanh1\input-not-detect-2\f-1742435727871-240178929.jpeg,Pipeline returned no plate result.
D:\dhtx\xulyanh\dhtx-xulyanh1\input\f-1742437250414-985562644.jpeg,ocr_empty,,MMZDC06244,0.905,"[135, 352, 205, 389]",D:\dhtx\xulyanh\dhtx-xulyanh1\input-not-detect-2\f-1742437250414-985562644.jpeg,All OCR texts are empty. Rejected raw OCR: MMZDC06244
D:\dhtx\xulyanh\dhtx-xulyanh1\input\f-1742437570307-400239428.jpeg,ok,37HT-06497,,0.632,"[0, 273, 328, 407]",,At least one OCR text has a valid Vietnamese plate format.
D:\dhtx\xulyanh\dhtx-xulyanh1\input\f-1742440170931-724103841.jpg,ocr_empty,,31TC269MM,0.935,"[680, 2372, 1570, 2597]",D:\dhtx\xulyanh\dhtx-xulyanh1\input-not-detect-2\f-1742440170931-724103841.jpg,All OCR texts are empty. Rejected raw OCR: 31TC269MM
D:\dhtx\xulyanh\dhtx-xulyanh1\input\f-1742441177399-550559773.jpeg,ok,37H-09040,,0.706,"[41, 256, 310, 397]",,At least one OCR text has a valid Vietnamese plate format.
D:\dhtx\xulyanh\dhtx-xulyanh1\input\f-1742443565158-3868433.jpeg,ok,89E-00553,,0.896,"[126, 348, 214, 393]",,At least one OCR text has a valid Vietnamese plate format.
D:\dhtx\xulyanh\dhtx-xulyanh1\input\f-1742446170920-580688025.jpg,ok,36T-7676,,0.937,"[579, 1999, 1305, 2187]",,At least one OCR text has a valid Vietnamese plate format.
D:\dhtx\xulyanh\dhtx-xulyanh1\input\f-1742447179131-241299721.jpg,no_plate_detected,,,,,D:\dhtx\xulyanh\dhtx-xulyanh1\input-not-detect-2\f-1742447179131-241299721.jpg,Pipeline returned no plate result.
D:\dhtx\xulyanh\dhtx-xulyanh1\input\f-1742449237990-408052888.jpg,ocr_empty,,MMMMM201827M,0.927,"[552, 2383, 1587, 2663]",D:\dhtx\xulyanh\dhtx-xulyanh1\input-not-detect-2\f-1742449237990-408052888.jpg,All OCR texts are empty. Rejected raw OCR: MMMMM201827M
D:\dhtx\xulyanh\dhtx-xulyanh1\input\f-1742451476617-728436953.jpeg,ocr_empty,,437H488,0.924,"[116, 344, 225, 400]",D:\dhtx\xulyanh\dhtx-xulyanh1\input-not-detect-2\f-1742451476617-728436953.jpeg,All OCR texts are empty. Rejected raw OCR: 437H488
D:\dhtx\xulyanh\dhtx-xulyanh1\input\f-1742451678507-569670516.jpg,ok,27D-9052,,0.978,"[1076, 2264, 2294, 2535]",,At least one OCR text has a valid Vietnamese plate format.
D:\dhtx\xulyanh\dhtx-xulyanh1\input\f-1742451760800-142561179.jpg,ok,37HM-06978,,0.978,"[483, 2322, 1969, 3096]",,At least one OCR text has a valid Vietnamese plate format.
D:\dhtx\xulyanh\dhtx-xulyanh1\input\f-1742452391992-587492556.jpg,ok,29H-00542,,0.941,"[628, 2070, 1978, 2758]",,At least one OCR text has a valid Vietnamese plate format.
D:\dhtx\xulyanh\dhtx-xulyanh1\input\f-1742454300511-349582468.jpg,ok,37CC-51885,,0.938,"[685, 2294, 1515, 2726]",,At least one OCR text has a valid Vietnamese plate format.
D:\dhtx\xulyanh\dhtx-xulyanh1\input\f-1742456244134-100629950.jpg,no_plate_detected,,,,,D:\dhtx\xulyanh\dhtx-xulyanh1\input-not-detect-2\f-1742456244134-100629950.jpg,Pipeline returned no plate result.
D:\dhtx\xulyanh\dhtx-xulyanh1\input\f-1742456267753-114742711.jpeg,ocr_empty,,313269,0.885,"[117, 364, 225, 394]",D:\dhtx\xulyanh\dhtx-xulyanh1\input-not-detect-2\f-1742456267753-114742711.jpeg,All OCR texts are empty. Rejected raw OCR: 313269
D:\dhtx\xulyanh\dhtx-xulyanh1\input\f-1742456720689-723104312.jpg,ocr_empty,,12DH100059,0.794,"[709, 2322, 1337, 2683]",D:\dhtx\xulyanh\dhtx-xulyanh1\input-not-detect-2\f-1742456720689-723104312.jpg,All OCR texts are empty. Rejected raw OCR: 12DH100059
D:\dhtx\xulyanh\dhtx-xulyanh1\input\f-1742457900743-468605209.jpg,ok,37C-2078,,0.984,"[549, 2055, 1743, 2622]",,At least one OCR text has a valid Vietnamese plate format.
D:\dhtx\xulyanh\dhtx-xulyanh1\input\f-1742462753347-980891780.jpg,ok,29D-20069,,0.815,"[704, 2406, 1557, 2641]",,At least one OCR text has a valid Vietnamese plate format.
D:\dhtx\xulyanh\dhtx-xulyanh1\input\f-1742463539512-345506417.jpg,ocr_empty,,28H70E564,0.767,"[1747, 1803, 2084, 1973]",D:\dhtx\xulyanh\dhtx-xulyanh1\input-not-detect-2\f-1742463539512-345506417.jpg,All OCR texts are empty. Rejected raw OCR: 28H70E564
D:\dhtx\xulyanh\dhtx-xulyanh1\input\f-1742464686442-687008153.jpg,ok,37H-07384,,0.892,"[749, 2314, 1402, 2678]",,At least one OCR text has a valid Vietnamese plate format.
D:\dhtx\xulyanh\dhtx-xulyanh1\input\f-1742469080993-432466097.jpg,ok,29D-4065,,0.947,"[781, 2496, 1562, 2707]",,At least one OCR text has a valid Vietnamese plate format.
D:\dhtx\xulyanh\dhtx-xulyanh1\input\f-1742471532738-672508878.jpg,ocr_empty,,9B317,0.865,"[222, 874, 663, 983]",D:\dhtx\xulyanh\dhtx-xulyanh1\input-not-detect-2\f-1742471532738-672508878.jpg,All OCR texts are empty. Rejected raw OCR: 9B317
D:\dhtx\xulyanh\dhtx-xulyanh1\input\f-1742473956581-702819786.jpg,ok,37H-06520,,0.944,"[752, 2265, 1349, 2586]",,At least one OCR text has a valid Vietnamese plate format.
D:\dhtx\xulyanh\dhtx-xulyanh1\input\f-1742475687347-887733852.jpg,ok,43AC-37279,,0.688,"[573, 599, 671, 656]",,At least one OCR text has a valid Vietnamese plate format.
D:\dhtx\xulyanh\dhtx-xulyanh1\input\f-1742475770584-723726137.jpeg,ok,37H-00721,,0.819,"[123, 345, 213, 397]",,At least one OCR text has a valid Vietnamese plate format.
D:\dhtx\xulyanh\dhtx-xulyanh1\input\f-1742477334676-726134622.jpg,ok,34A-14255,,0.862,"[557, 688, 675, 724]",,At least one OCR text has a valid Vietnamese plate format.
D:\dhtx\xulyanh\dhtx-xulyanh1\input\f-1742478320051-771272059.jpg,ok,37CD-002.28,,0.869,"[660, 2233, 1305, 2597]",,At least one OCR text has a valid Vietnamese plate format.
D:\dhtx\xulyanh\dhtx-xulyanh1\input\f-1742479213800-533604686.jpg,no_plate_detected,,,,,D:\dhtx\xulyanh\dhtx-xulyanh1\input-not-detect-2\f-1742479213800-533604686.jpg,Pipeline returned no plate result.
D:\dhtx\xulyanh\dhtx-xulyanh1\input\f-1742491772294-297882569.jpg,no_plate_detected,,,,,D:\dhtx\xulyanh\dhtx-xulyanh1\input-not-detect-2\f-1742491772294-297882569.jpg,Pipeline returned no plate result.
D:\dhtx\xulyanh\dhtx-xulyanh1\input\f-1742491994698-590569793.jpg,ok,73H-00488,,0.870,"[154, 1571, 1789, 2405]",,At least one OCR text has a valid Vietnamese plate format.
D:\dhtx\xulyanh\dhtx-xulyanh1\input\f-1742516152229-220714002.jpeg,ok,37C-20999,,0.976,"[72, 349, 269, 442]",,At least one OCR text has a valid Vietnamese plate format.
D:\dhtx\xulyanh\dhtx-xulyanh1\input\f-1742517134113-827472539.jpg,no_plate_detected,,,,,D:\dhtx\xulyanh\dhtx-xulyanh1\input-not-detect-2\f-1742517134113-827472539.jpg,Pipeline returned no plate result.
D:\dhtx\xulyanh\dhtx-xulyanh1\input\f-1742518243368-867200568.jpeg,ocr_empty,,699L2240,0.884,"[120, 362, 225, 388]",D:\dhtx\xulyanh\dhtx-xulyanh1\input-not-detect-2\f-1742518243368-867200568.jpeg,All OCR texts are empty. Rejected raw OCR: 699L2240
D:\dhtx\xulyanh\dhtx-xulyanh1\input\f-1742519756785-48899934.jpg,ok,15C-12774,,0.945,"[579, 2113, 1655, 2664]",,At least one OCR text has a valid Vietnamese plate format.
D:\dhtx\xulyanh\dhtx-xulyanh1\input\f-1742521649524-272694042.jpg,ok,37H-00891,,0.949,"[755, 2218, 1535, 2576]",,At least one OCR text has a valid Vietnamese plate format.
D:\dhtx\xulyanh\dhtx-xulyanh1\input\f-1742524238719-397299686.jpg,ocr_empty,,14422,0.746,"[1452, 2795, 1870, 3136]",D:\dhtx\xulyanh\dhtx-xulyanh1\input-not-detect-2\f-1742524238719-397299686.jpg,All OCR texts are empty. Rejected raw OCR: 14422
D:\dhtx\xulyanh\dhtx-xulyanh1\input\f-1742524621218-602244686.jpg,ocr_empty,,6651N,0.946,"[734, 2349, 1442, 2526]",D:\dhtx\xulyanh\dhtx-xulyanh1\input-not-detect-2\f-1742524621218-602244686.jpg,All OCR texts are empty. Rejected raw OCR: 6651N
D:\dhtx\xulyanh\dhtx-xulyanh1\input\f-1742524726858-347360107.jpg,ok,37CC-46597,,0.892,"[784, 2267, 1323, 2550]",,At least one OCR text has a valid Vietnamese plate format.
D:\dhtx\xulyanh\dhtx-xulyanh1\input\f-1742524962572-732760752.jpg,ok,29C-57061,,0.915,"[917, 648, 1145, 760]",,At least one OCR text has a valid Vietnamese plate format.
D:\dhtx\xulyanh\dhtx-xulyanh1\input\f-1742525110590-733675015.jpg,ok,37FE-00361,,0.931,"[763, 2342, 1439, 2714]",,At least one OCR text has a valid Vietnamese plate format.
D:\dhtx\xulyanh\dhtx-xulyanh1\input\f-1742527816892-990677133.jpeg,ok,20DC-23264,,0.899,"[115, 336, 227, 402]",,At least one OCR text has a valid Vietnamese plate format.
D:\dhtx\xulyanh\dhtx-xulyanh1\input\f-1742530394351-668998573.jpeg,ok,35H-02177,,0.970,"[82, 366, 244, 441]",,At least one OCR text has a valid Vietnamese plate format.
D:\dhtx\xulyanh\dhtx-xulyanh1\input\f-1742532837868-526423445.jpeg,ocr_empty,,156797,0.268,"[18, 334, 305, 405]",D:\dhtx\xulyanh\dhtx-xulyanh1\input-not-detect-2\f-1742532837868-526423445.jpeg,All OCR texts are empty. Rejected raw OCR: 156797
D:\dhtx\xulyanh\dhtx-xulyanh1\input\f-1742538315952-635299646.jpeg,ok,38N-1962,,0.958,"[72, 324, 287, 429]",,At least one OCR text has a valid Vietnamese plate format.
D:\dhtx\xulyanh\dhtx-xulyanh1\input\f-1742542257091-94292664.jpeg,ocr_empty,,370537,0.930,"[31, 359, 308, 420]",D:\dhtx\xulyanh\dhtx-xulyanh1\input-not-detect-2\f-1742542257091-94292664.jpeg,All OCR texts are empty. Rejected raw OCR: 370537
D:\dhtx\xulyanh\dhtx-xulyanh1\input\f-1742542293383-960013932.jpg,ok,15E-01765,,0.945,"[317, 838, 545, 969]",,At least one OCR text has a valid Vietnamese plate format.
D:\dhtx\xulyanh\dhtx-xulyanh1\input\f-1742544206898-529274154.jpeg,ok,37C-19815,,0.953,"[37, 327, 287, 417]",,At least one OCR text has a valid Vietnamese plate format.
D:\dhtx\xulyanh\dhtx-xulyanh1\input\f-1742544468763-595561265.jpeg,ocr_empty,,992240,0.965,"[96, 371, 241, 412]",D:\dhtx\xulyanh\dhtx-xulyanh1\input-not-detect-2\f-1742544468763-595561265.jpeg,All OCR texts are empty. Rejected raw OCR: 992240
D:\dhtx\xulyanh\dhtx-xulyanh1\input\f-1742545144719-668881878.jpg,ocr_empty,,6470,0.873,"[1377, 2250, 1877, 2388]",D:\dhtx\xulyanh\dhtx-xulyanh1\input-not-detect-2\f-1742545144719-668881878.jpg,All OCR texts are empty. Rejected raw OCR: 6470
D:\dhtx\xulyanh\dhtx-xulyanh1\input\f-1742545884128-487599550.jpeg,ok,43GC-17676,,0.916,"[101, 373, 241, 408]",,At least one OCR text has a valid Vietnamese plate format.
D:\dhtx\xulyanh\dhtx-xulyanh1\input\f-1742547016456-146759871.jpeg,ok,44CG-17676,,0.938,"[85, 364, 256, 406]",,At least one OCR text has a valid Vietnamese plate format.
D:\dhtx\xulyanh\dhtx-xulyanh1\input\f-1742547821972-879197175.jpeg,ok,37H-06497,,0.960,"[113, 351, 240, 405]",,At least one OCR text has a valid Vietnamese plate format.
D:\dhtx\xulyanh\dhtx-xulyanh1\input\f-1742548785688-611757661.jpeg,ok,99C-18202,,0.924,"[116, 352, 220, 405]",,At least one OCR text has a valid Vietnamese plate format.
D:\dhtx\xulyanh\dhtx-xulyanh1\input\f-1742550288459-520299739.jpeg,ok,99C-18202 | , | M7T8202,0.962 | 0.617,"[110, 348, 236, 405] | [0, 395, 210, 600]",,At least one OCR text has a valid Vietnamese plate format.
D:\dhtx\xulyanh\dhtx-xulyanh1\input\f-1742551380928-315595547.jpg,ok,36H-05598,,0.898,"[800, 2215, 1398, 2528]",,At least one OCR text has a valid Vietnamese plate format.
D:\dhtx\xulyanh\dhtx-xulyanh1\input\f-1742551864177-627991600.jpg,ok,37H-03751,,0.976,"[353, 2090, 1723, 2649]",,At least one OCR text has a valid Vietnamese plate format.
D:\dhtx\xulyanh\dhtx-xulyanh1\input\f-1742551892492-11927333.jpg,ok,37H-03751,,0.952,"[526, 2219, 1436, 2642]",,At least one OCR text has a valid Vietnamese plate format.
D:\dhtx\xulyanh\dhtx-xulyanh1\input\f-1742556486249-182202429.jpg,no_plate_detected,,,,,D:\dhtx\xulyanh\dhtx-xulyanh1\input-not-detect-2\f-1742556486249-182202429.jpg,Pipeline returned no plate result.
D:\dhtx\xulyanh\dhtx-xulyanh1\input\f-1742556801851-160828856.jpg,ok,98C-30722,,0.384,"[0, 411, 767, 752]",,At least one OCR text has a valid Vietnamese plate format.
D:\dhtx\xulyanh\dhtx-xulyanh1\input\f-1742557617431-649256390.jpg,no_plate_detected,,,,,D:\dhtx\xulyanh\dhtx-xulyanh1\input-not-detect-2\f-1742557617431-649256390.jpg,Pipeline returned no plate result.
D:\dhtx\xulyanh\dhtx-xulyanh1\input\f-1742557879436-681816368.jpg,ok,15H-04070,,0.970,"[305, 544, 656, 722]",,At least one OCR text has a valid Vietnamese plate format.
D:\dhtx\xulyanh\dhtx-xulyanh1\input\f-1742557936409-684283279.jpg,ok,20C-28645,,0.910,"[785, 2334, 1277, 2631]",,At least one OCR text has a valid Vietnamese plate format.
D:\dhtx\xulyanh\dhtx-xulyanh1\input\f-1742558791007-399087604.jpg,no_plate_detected,,,,,D:\dhtx\xulyanh\dhtx-xulyanh1\input-not-detect-2\f-1742558791007-399087604.jpg,Pipeline returned no plate result.
D:\dhtx\xulyanh\dhtx-xulyanh1\input\f-1742558835652-644321670.jpg,ok,99A-85103,,0.865,"[79, 522, 621, 659]",,At least one OCR text has a valid Vietnamese plate format.
D:\dhtx\xulyanh\dhtx-xulyanh1\input\f-1742559067908-229788348.jpg,ocr_empty,,,0.422,"[0, 0, 82, 92]",D:\dhtx\xulyanh\dhtx-xulyanh1\input-not-detect-2\f-1742559067908-229788348.jpg,All OCR texts are empty.
D:\dhtx\xulyanh\dhtx-xulyanh1\input\f-1742559841339-472734783.jpg,ocr_empty,,034,0.967,"[431, 456, 918, 574]",D:\dhtx\xulyanh\dhtx-xulyanh1\input-not-detect-2\f-1742559841339-472734783.jpg,All OCR texts are empty. Rejected raw OCR: 034
D:\dhtx\xulyanh\dhtx-xulyanh1\input\f-1742559914197-886715012.jpg,ok,12D-01017,,0.258,"[433, 785, 511, 861]",,At least one OCR text has a valid Vietnamese plate format.
D:\dhtx\xulyanh\dhtx-xulyanh1\input\f-1742566118866-866887753.jpg,no_plate_detected,,,,,D:\dhtx\xulyanh\dhtx-xulyanh1\input-not-detect-2\f-1742566118866-866887753.jpg,Pipeline returned no plate result.
D:\dhtx\xulyanh\dhtx-xulyanh1\input\f-1742572974786-667080875.jpeg,ok,29K-10749 | , | 6,0.890 | 0.408,"[98, 359, 222, 392] | [178, 438, 262, 481]",,At least one OCR text has a valid Vietnamese plate format.
D:\dhtx\xulyanh\dhtx-xulyanh1\input\f-1742574163242-238378587.jpg,ocr_empty,,2407,0.937,"[387, 1188, 1069, 1371]",D:\dhtx\xulyanh\dhtx-xulyanh1\input-not-detect-2\f-1742574163242-238378587.jpg,All OCR texts are empty. Rejected raw OCR: 2407
D:\dhtx\xulyanh\dhtx-xulyanh1\input\f-1742575214406-248259820.jpg,ok,29D-00437,,0.871,"[367, 848, 552, 959]",,At least one OCR text has a valid Vietnamese plate format.
D:\dhtx\xulyanh\dhtx-xulyanh1\input\f-1742579490696-436732321.jpeg,ok,37CC-28309,,0.929,"[104, 344, 218, 401]",,At least one OCR text has a valid Vietnamese plate format.
D:\dhtx\xulyanh\dhtx-xulyanh1\input\f-1742582648434-216344058.jpg,no_plate_detected,,,,,D:\dhtx\xulyanh\dhtx-xulyanh1\input-not-detect-2\f-1742582648434-216344058.jpg,Pipeline returned no plate result.
D:\dhtx\xulyanh\dhtx-xulyanh1\input\f-1742597259373-748128974.jpg,ok,29D-20977,,0.917,"[757, 2463, 1543, 2667]",,At least one OCR text has a valid Vietnamese plate format.
D:\dhtx\xulyanh\dhtx-xulyanh1\input\f-1742600897943-278163678.jpeg,ok,37C-32078,,0.882,"[117, 344, 209, 396]",,At least one OCR text has a valid Vietnamese plate format.
D:\dhtx\xulyanh\dhtx-xulyanh1\input\f-1742602822002-655987731.jpeg,ok,36CC-72450,,0.908,"[106, 361, 228, 394]",,At least one OCR text has a valid Vietnamese plate format.
D:\dhtx\xulyanh\dhtx-xulyanh1\input\f-1742604061503-950919912.jpg,ok,37M-05687,,0.910,"[121, 1819, 1916, 2793]",,At least one OCR text has a valid Vietnamese plate format.
D:\dhtx\xulyanh\dhtx-xulyanh1\input\f-1742605674294-992006842.jpeg,ok,37HM-07725,,0.527,"[35, 316, 329, 439]",,At least one OCR text has a valid Vietnamese plate format.
D:\dhtx\xulyanh\dhtx-xulyanh1\input\f-1742605675047-691189249.jpg,ok,37D-7725,,0.442,"[245, 2189, 2280, 3042]",,At least one OCR text has a valid Vietnamese plate format.
D:\dhtx\xulyanh\dhtx-xulyanh1\input\f-1742606338584-948900037.jpg,ocr_empty,,37CA881888,0.897,"[760, 2266, 1340, 2591]",D:\dhtx\xulyanh\dhtx-xulyanh1\input-not-detect-2\f-1742606338584-948900037.jpg,All OCR texts are empty. Rejected raw OCR: 37CA881888
D:\dhtx\xulyanh\dhtx-xulyanh1\input\f-1742608013590-772740032.jpeg,ok,98H-02801,,0.948,"[106, 358, 231, 418]",,At least one OCR text has a valid Vietnamese plate format.
D:\dhtx\xulyanh\dhtx-xulyanh1\input\f-1742609857417-738602183.jpg,ok,37MH-02457,,0.931,"[307, 2221, 2031, 3116]",,At least one OCR text has a valid Vietnamese plate format.
D:\dhtx\xulyanh\dhtx-xulyanh1\input\f-1742611660460-773780924.jpeg,ok,35H-02056,,0.945,"[88, 376, 215, 439]",,At least one OCR text has a valid Vietnamese plate format.
D:\dhtx\xulyanh\dhtx-xulyanh1\input\f-1742611978723-29990988.jpg,ok,18M-02918,,0.745,"[197, 2258, 2098, 3164]",,At least one OCR text has a valid Vietnamese plate format.
D:\dhtx\xulyanh\dhtx-xulyanh1\input\f-1742612250243-179771108.jpg,ok,37C-18860,,0.933,"[382, 1124, 630, 1265]",,At least one OCR text has a valid Vietnamese plate format.
D:\dhtx\xulyanh\dhtx-xulyanh1\input\f-1742614929057-796505551.jpg,ok,38M-03319,,0.936,"[378, 1151, 708, 1229]",,At least one OCR text has a valid Vietnamese plate format.
D:\dhtx\xulyanh\dhtx-xulyanh1\input\f-1742617447762-880566176.jpg,ok,88GG-00492,,0.965,"[377, 2006, 2081, 2853]",,At least one OCR text has a valid Vietnamese plate format.
D:\dhtx\xulyanh\dhtx-xulyanh1\input\f-1742618692916-92558283.jpg,ok,29D-2026,,0.898,"[470, 1538, 873, 1659]",,At least one OCR text has a valid Vietnamese plate format.
D:\dhtx\xulyanh\dhtx-xulyanh1\input\f-1742622957389-335318155.jpeg,ok,15C-30370,,0.911,"[107, 346, 223, 405]",,At least one OCR text has a valid Vietnamese plate format.
D:\dhtx\xulyanh\dhtx-xulyanh1\input\f-1742625917525-282869650.jpg,ok,37C-20999,,0.948,"[588, 1832, 1231, 2167]",,At least one OCR text has a valid Vietnamese plate format.
D:\dhtx\xulyanh\dhtx-xulyanh1\input\f-1742626442644-660987793.jpeg,ocr_empty,,8MC7C0001434,0.909,"[129, 361, 228, 390]",D:\dhtx\xulyanh\dhtx-xulyanh1\input-not-detect-2\f-1742626442644-660987793.jpeg,All OCR texts are empty. Rejected raw OCR: 8MC7C0001434
D:\dhtx\xulyanh\dhtx-xulyanh1\input\f-1742626979481-784680336.jpg,ok,29H-25255,,0.705,"[413, 1171, 654, 1321]",,At least one OCR text has a valid Vietnamese plate format.
D:\dhtx\xulyanh\dhtx-xulyanh1\input\f-1742627800247-971666669.jpeg,ok,89E-00553,,0.925,"[124, 365, 224, 416]",,At least one OCR text has a valid Vietnamese plate format.
D:\dhtx\xulyanh\dhtx-xulyanh1\input\f-1742628424336-904538601.jpeg,ok,51C-44654,,0.944,"[123, 343, 224, 401]",,At least one OCR text has a valid Vietnamese plate format.
D:\dhtx\xulyanh\dhtx-xulyanh1\input\f-1742629263536-446851020.jpg,ok,20D-61884,,0.931,"[698, 2389, 1526, 2597]",,At least one OCR text has a valid Vietnamese plate format.
D:\dhtx\xulyanh\dhtx-xulyanh1\input\f-1742629988020-247774667.jpeg,ok,37H-06497,,0.977,"[93, 333, 225, 403]",,At least one OCR text has a valid Vietnamese plate format.
D:\dhtx\xulyanh\dhtx-xulyanh1\input\f-1742630742759-775266096.jpeg,ok,37H-03439,,0.941,"[38, 306, 284, 434]",,At least one OCR text has a valid Vietnamese plate format.
D:\dhtx\xulyanh\dhtx-xulyanh1\input\f-1742632512953-404652334.jpeg,ocr_empty, | ,91SC912774 | ,0.941 | 0.301,"[109, 350, 223, 409] | [0, 436, 321, 599]",D:\dhtx\xulyanh\dhtx-xulyanh1\input-not-detect-2\f-1742632512953-404652334.jpeg,All OCR texts are empty. Rejected raw OCR: 91SC912774
D:\dhtx\xulyanh\dhtx-xulyanh1\input\f-1742635379719-131426353.jpeg,ok,14C-6942,,0.598,"[129, 345, 205, 397]",,At least one OCR text has a valid Vietnamese plate format.
D:\dhtx\xulyanh\dhtx-xulyanh1\input\f-1742635446064-391030717.jpg,ocr_empty,,3770147,0.971,"[278, 1204, 1004, 1397]",D:\dhtx\xulyanh\dhtx-xulyanh1\input-not-detect-2\f-1742635446064-391030717.jpg,All OCR texts are empty. Rejected raw OCR: 3770147
D:\dhtx\xulyanh\dhtx-xulyanh1\input\f-1742636172603-468303177.jpeg,ok,98MH-03055,,0.622,"[58, 318, 241, 397]",,At least one OCR text has a valid Vietnamese plate format.
D:\dhtx\xulyanh\dhtx-xulyanh1\input\f-1742636345276-620481624.jpg,no_plate_detected,,,,,D:\dhtx\xulyanh\dhtx-xulyanh1\input-not-detect-2\f-1742636345276-620481624.jpg,Pipeline returned no plate result.
D:\dhtx\xulyanh\dhtx-xulyanh1\input\f-1742636609991-191594317.jpeg,ok,37H-05078,,0.942,"[112, 354, 210, 407]",,At least one OCR text has a valid Vietnamese plate format.
D:\dhtx\xulyanh\dhtx-xulyanh1\input\f-1742638186903-84169932.jpeg,ocr_empty,,500450,0.937,"[54, 333, 275, 386]",D:\dhtx\xulyanh\dhtx-xulyanh1\input-not-detect-2\f-1742638186903-84169932.jpeg,All OCR texts are empty. Rejected raw OCR: 500450
D:\dhtx\xulyanh\dhtx-xulyanh1\input\f-1742642578841-785869811.jpeg,ok,36H-05598,,0.915,"[119, 340, 207, 387]",,At least one OCR text has a valid Vietnamese plate format.
D:\dhtx\xulyanh\dhtx-xulyanh1\input\f-1742643671689-484686709.jpg,ok,29H-59145,,0.936,"[268, 455, 643, 670]",,At least one OCR text has a valid Vietnamese plate format.
D:\dhtx\xulyanh\dhtx-xulyanh1\input\f-1742643852311-219287565.jpg,ok,12D-0002,,0.696,"[36, 652, 603, 942]",,At least one OCR text has a valid Vietnamese plate format.
D:\dhtx\xulyanh\dhtx-xulyanh1\input\f-1742644354150-394278047.jpg,ok,29HT-12472,,0.942,"[233, 935, 444, 1050]",,At least one OCR text has a valid Vietnamese plate format.
D:\dhtx\xulyanh\dhtx-xulyanh1\input\f-1742646457457-252765055.jpg,ok,99H-01290,,0.965,"[269, 622, 675, 805]",,At least one OCR text has a valid Vietnamese plate format.
D:\dhtx\xulyanh\dhtx-xulyanh1\input\f-1742648321238-139840696.jpg,ok,99H-00377,,0.877,"[592, 711, 778, 826]",,At least one OCR text has a valid Vietnamese plate format.
D:\dhtx\xulyanh\dhtx-xulyanh1\input\f-1742649504572-811059863.jpg,no_plate_detected,,,,,D:\dhtx\xulyanh\dhtx-xulyanh1\input-not-detect-2\f-1742649504572-811059863.jpg,Pipeline returned no plate result.
D:\dhtx\xulyanh\dhtx-xulyanh1\input\f-1742651323095-5674491.jpeg,ok,29K-10537,,0.922,"[127, 343, 187, 379]",,At least one OCR text has a valid Vietnamese plate format.
D:\dhtx\xulyanh\dhtx-xulyanh1\input\f-1742651395235-603457153.jpeg,ok,29H-25255,,0.521,"[148, 358, 200, 391]",,At least one OCR text has a valid Vietnamese plate format.
D:\dhtx\xulyanh\dhtx-xulyanh1\input\f-1742651488035-86815088.jpg,ok,37C-15488,,0.936,"[348, 749, 516, 847]",,At least one OCR text has a valid Vietnamese plate format.
D:\dhtx\xulyanh\dhtx-xulyanh1\input\f-1742651620557-914441673.jpg,ok,37C-15488,,0.926,"[504, 610, 710, 720]",,At least one OCR text has a valid Vietnamese plate format.
D:\dhtx\xulyanh\dhtx-xulyanh1\input\f-1742654357675-143615101.jpg,ocr_empty,,98C28858888,0.898,"[516, 782, 752, 910]",D:\dhtx\xulyanh\dhtx-xulyanh1\input-not-detect-2\f-1742654357675-143615101.jpg,All OCR texts are empty. Rejected raw OCR: 98C28858888
D:\dhtx\xulyanh\dhtx-xulyanh1\input\f-1742658875989-562157158.jpeg,ok,29A-02097,,0.941,"[86, 352, 246, 387]",,At least one OCR text has a valid Vietnamese plate format.
D:\dhtx\xulyanh\dhtx-xulyanh1\input\f-1742659106599-3930200.jpg,no_plate_detected,,,,,D:\dhtx\xulyanh\dhtx-xulyanh1\input-not-detect-2\f-1742659106599-3930200.jpg,Pipeline returned no plate result.
D:\dhtx\xulyanh\dhtx-xulyanh1\input\f-1742661974534-391086087.jpg,ocr_empty,,91,0.943,"[333, 2236, 1807, 2524]",D:\dhtx\xulyanh\dhtx-xulyanh1\input-not-detect-2\f-1742661974534-391086087.jpg,All OCR texts are empty. Rejected raw OCR: 91
D:\dhtx\xulyanh\dhtx-xulyanh1\input\f-1742662278365-403690728.jpeg,ok,29D-2097,,0.956,"[78, 354, 254, 392]",,At least one OCR text has a valid Vietnamese plate format.
D:\dhtx\xulyanh\dhtx-xulyanh1\input\f-1742663351671-952688835.jpg,ocr_empty, | ,29097 | MMMMM,0.957 | 0.620,"[339, 2174, 1688, 2479] | [253, 1728, 1869, 2192]",D:\dhtx\xulyanh\dhtx-xulyanh1\input-not-detect-2\f-1742663351671-952688835.jpg,All OCR texts are empty. Rejected raw OCR: 29097 | MMMMM
D:\dhtx\xulyanh\dhtx-xulyanh1\input\f-1742669276401-388974598.jpg,ocr_empty,,29097,0.891,"[559, 2264, 1489, 2509]",D:\dhtx\xulyanh\dhtx-xulyanh1\input-not-detect-2\f-1742669276401-388974598.jpg,All OCR texts are empty. Rejected raw OCR: 29097
D:\dhtx\xulyanh\dhtx-xulyanh1\input\f-1742671449212-810339790.jpg,ok,34H-00459,,0.951,"[404, 714, 643, 843]",,At least one OCR text has a valid Vietnamese plate format.
D:\dhtx\xulyanh\dhtx-xulyanh1\input\f-1742673275768-134188622.jpg,ocr_empty,,4CZ0946,0.917,"[530, 756, 681, 843]",D:\dhtx\xulyanh\dhtx-xulyanh1\input-not-detect-2\f-1742673275768-134188622.jpg,All OCR texts are empty. Rejected raw OCR: 4CZ0946
D:\dhtx\xulyanh\dhtx-xulyanh1\input\f-1742675374083-611268707.jpg,ok,34H-00119,,0.869,"[601, 783, 742, 871]",,At least one OCR text has a valid Vietnamese plate format.
D:\dhtx\xulyanh\dhtx-xulyanh1\input\f-1742678323747-805019535.jpg,ocr_empty,,240,0.961,"[386, 2228, 1798, 2523]",D:\dhtx\xulyanh\dhtx-xulyanh1\input-not-detect-2\f-1742678323747-805019535.jpg,All OCR texts are empty. Rejected raw OCR: 240
D:\dhtx\xulyanh\dhtx-xulyanh1\input\f-1742687567223-708938866.jpg,ok,20D-5960,,0.942,"[682, 2357, 1390, 2535]",,At least one OCR text has a valid Vietnamese plate format.
D:\dhtx\xulyanh\dhtx-xulyanh1\input\f-1742690917429-143495183.jpeg,ocr_empty,,500450,0.616,"[47, 319, 294, 371]",D:\dhtx\xulyanh\dhtx-xulyanh1\input-not-detect-2\f-1742690917429-143495183.jpeg,All OCR texts are empty. Rejected raw OCR: 500450
D:\dhtx\xulyanh\dhtx-xulyanh1\input\f-1742696542017-521661661.jpg,ok,20F-00565,,0.833,"[859, 2257, 1260, 2486]",,At least one OCR text has a valid Vietnamese plate format.
D:\dhtx\xulyanh\dhtx-xulyanh1\input\f-1742696802185-401480350.jpg,ok,37H-09040,,0.888,"[895, 3214, 1458, 3508]",,At least one OCR text has a valid Vietnamese plate format.
D:\dhtx\xulyanh\dhtx-xulyanh1\input\f-1742697349861-58888284.jpeg,ok,89H-03002,,0.927,"[107, 345, 211, 401]",,At least one OCR text has a valid Vietnamese plate format.
D:\dhtx\xulyanh\dhtx-xulyanh1\input\f-1742699487447-890380558.jpeg,ocr_empty, | ,0MMA29K4048832 | 1,0.864 | 0.461,"[119, 363, 223, 395] | [117, 508, 173, 555]",D:\dhtx\xulyanh\dhtx-xulyanh1\input-not-detect-2\f-1742699487447-890380558.jpeg,All OCR texts are empty. Rejected raw OCR: 0MMA29K4048832 | 1
D:\dhtx\xulyanh\dhtx-xulyanh1\input\f-1742699505977-231855686.jpg,ocr_empty,,2011B2,0.923,"[752, 2390, 1400, 2544]",D:\dhtx\xulyanh\dhtx-xulyanh1\input-not-detect-2\f-1742699505977-231855686.jpg,All OCR texts are empty. Rejected raw OCR: 2011B2
D:\dhtx\xulyanh\dhtx-xulyanh1\input\f-1742701854119-383110610.jpeg,ok,14C-36942 | 71AC-36942, | ,0.479 | 0.454,"[116, 358, 212, 410] | [67, 356, 212, 411]",,At least one OCR text has a valid Vietnamese plate format.
D:\dhtx\xulyanh\dhtx-xulyanh1\input\f-1742703537585-768809453.jpeg,ok,37C-48188,,0.842,"[133, 352, 207, 390]",,At least one OCR text has a valid Vietnamese plate format.
D:\dhtx\xulyanh\dhtx-xulyanh1\input\f-1742708785796-477430434.jpeg,ok,37H-02657,,0.474,"[0, 117, 256, 292]",,At least one OCR text has a valid Vietnamese plate format.
D:\dhtx\xulyanh\dhtx-xulyanh1\input\f-1742710214757-178250895.jpeg,ok,37H-02657 | , | M,0.892 | 0.499,"[115, 352, 220, 405] | [109, 0, 221, 84]",,At least one OCR text has a valid Vietnamese plate format.
D:\dhtx\xulyanh\dhtx-xulyanh1\input\f-1742714785005-343723953.jpg,ok,37H-02657,,0.956,"[584, 1853, 1198, 2158]",,At least one OCR text has a valid Vietnamese plate format.
D:\dhtx\xulyanh\dhtx-xulyanh1\input\f-1742716689239-156610860.jpg,ocr_empty,,14755,0.959,"[412, 2310, 2058, 2721]",D:\dhtx\xulyanh\dhtx-xulyanh1\input-not-detect-2\f-1742716689239-156610860.jpg,All OCR texts are empty. Rejected raw OCR: 14755
D:\dhtx\xulyanh\dhtx-xulyanh1\input\f-1742716892257-639861011.jpeg,ok,15HM-01476,,0.954,"[110, 352, 235, 385]",,At least one OCR text has a valid Vietnamese plate format.
D:\dhtx\xulyanh\dhtx-xulyanh1\input\f-1742717614547-551603110.jpeg,ok,29K-02097,,0.834,"[113, 356, 237, 391]",,At least one OCR text has a valid Vietnamese plate format.
D:\dhtx\xulyanh\dhtx-xulyanh1\input\f-1742717770652-173754636.jpg,ocr_empty,,2D1616,0.887,"[783, 2394, 1496, 2595]",D:\dhtx\xulyanh\dhtx-xulyanh1\input-not-detect-2\f-1742717770652-173754636.jpg,All OCR texts are empty. Rejected raw OCR: 2D1616
D:\dhtx\xulyanh\dhtx-xulyanh1\input\f-1742718944773-963577906.jpeg,ok,37CG-32078,,0.942,"[100, 327, 227, 398]",,At least one OCR text has a valid Vietnamese plate format.
D:\dhtx\xulyanh\dhtx-xulyanh1\input\f-1742721475353-45695095.jpg,ocr_empty,,422,0.553,"[1519, 2731, 1925, 3051]",D:\dhtx\xulyanh\dhtx-xulyanh1\input-not-detect-2\f-1742721475353-45695095.jpg,All OCR texts are empty. Rejected raw OCR: 422
D:\dhtx\xulyanh\dhtx-xulyanh1\input\f-1742722805937-324512913.jpg,ocr_empty,,N,0.507,"[1089, 1159, 1633, 1757]",D:\dhtx\xulyanh\dhtx-xulyanh1\input-not-detect-2\f-1742722805937-324512913.jpg,All OCR texts are empty. Rejected raw OCR: N
D:\dhtx\xulyanh\dhtx-xulyanh1\input\f-1742722830154-408627975.jpeg,ok,20C-16160,,0.864,"[115, 369, 214, 396]",,At least one OCR text has a valid Vietnamese plate format.
D:\dhtx\xulyanh\dhtx-xulyanh1\input\f-1742725831361-779894198.jpg,no_plate_detected,,,,,D:\dhtx\xulyanh\dhtx-xulyanh1\input-not-detect-2\f-1742725831361-779894198.jpg,Pipeline returned no plate result.
D:\dhtx\xulyanh\dhtx-xulyanh1\input\f-1742728875885-804289414.jpg,ok,29H-07286,,0.933,"[330, 659, 416, 712]",,At least one OCR text has a valid Vietnamese plate format.
D:\dhtx\xulyanh\dhtx-xulyanh1\input\f-1742728964413-708936949.jpg,ok,29H-81553,,0.887,"[196, 792, 383, 897]",,At least one OCR text has a valid Vietnamese plate format.
D:\dhtx\xulyanh\dhtx-xulyanh1\input\f-1742730888408-37695195.jpeg,ok,20F-00565,,0.879,"[114, 353, 212, 404]",,At least one OCR text has a valid Vietnamese plate format.
D:\dhtx\xulyanh\dhtx-xulyanh1\input\f-1742731040150-791403357.jpeg,ok,29D-2097,,0.950,"[49, 345, 289, 400]",,At least one OCR text has a valid Vietnamese plate format.
D:\dhtx\xulyanh\dhtx-xulyanh1\input\f-1742732487029-72225305.jpg,ok,99AB-51035,,0.342,"[99, 453, 717, 613]",,At least one OCR text has a valid Vietnamese plate format.
D:\dhtx\xulyanh\dhtx-xulyanh1\input\f-1742732624271-206521944.jpeg,ocr_empty,,24020,0.960,"[43, 341, 277, 391]",D:\dhtx\xulyanh\dhtx-xulyanh1\input-not-detect-2\f-1742732624271-206521944.jpeg,All OCR texts are empty. Rejected raw OCR: 24020
D:\dhtx\xulyanh\dhtx-xulyanh1\input\f-1742732774352-690224541.jpg,ok,29D-24101,,0.909,"[647, 2345, 1441, 2544]",,At least one OCR text has a valid Vietnamese plate format.
D:\dhtx\xulyanh\dhtx-xulyanh1\input\f-1742736618923-525575119.jpg,ok,37C-56443,,0.769,"[593, 488, 780, 536]",,At least one OCR text has a valid Vietnamese plate format.
D:\dhtx\xulyanh\dhtx-xulyanh1\input\f-1742738976908-116343775.jpeg,ok,29D-2026,,0.953,"[55, 341, 253, 386]",,At least one OCR text has a valid Vietnamese plate format.
D:\dhtx\xulyanh\dhtx-xulyanh1\input\f-1742751990649-264823656.jpg,ok,29K-02365,,0.869,"[732, 2344, 1368, 2540]",,At least one OCR text has a valid Vietnamese plate format.
D:\dhtx\xulyanh\dhtx-xulyanh1\input\f-1742752071545-858517584.jpg,ok,98C-31760,,0.961,"[149, 618, 508, 804]",,At least one OCR text has a valid Vietnamese plate format.
D:\dhtx\xulyanh\dhtx-xulyanh1\input\f-1742754422525-644389192.jpg,ok,98CD-294.48,,0.988,"[193, 563, 574, 772]",,At least one OCR text has a valid Vietnamese plate format.
D:\dhtx\xulyanh\dhtx-xulyanh1\input\f-1742755379481-565438618.jpeg,ok,29K-02300,,0.877,"[108, 362, 229, 390]",,At least one OCR text has a valid Vietnamese plate format.
D:\dhtx\xulyanh\dhtx-xulyanh1\input\f-1742756283627-905120883.jpg,no_plate_detected,,,,,D:\dhtx\xulyanh\dhtx-xulyanh1\input-not-detect-2\f-1742756283627-905120883.jpg,Pipeline returned no plate result.
D:\dhtx\xulyanh\dhtx-xulyanh1\input\f-1742757711139-870540925.jpg,ok,98C-31760,,0.970,"[168, 529, 685, 796]",,At least one OCR text has a valid Vietnamese plate format.
D:\dhtx\xulyanh\dhtx-xulyanh1\input\f-1742762744572-792321125.jpg,ok,44C-15408 | , | ,0.923 | 0.472,"[636, 836, 786, 921] | [0, 592, 135, 826]",,At least one OCR text has a valid Vietnamese plate format.
D:\dhtx\xulyanh\dhtx-xulyanh1\input\f-1742768530220-533333177.jpg,ok,29KD-20006,,0.923,"[748, 2255, 1496, 2483]",,At least one OCR text has a valid Vietnamese plate format.
D:\dhtx\xulyanh\dhtx-xulyanh1\input\f-1742773135291-611942713.jpg,ocr_empty,,837H05687,0.865,"[874, 2313, 1381, 2581]",D:\dhtx\xulyanh\dhtx-xulyanh1\input-not-detect-2\f-1742773135291-611942713.jpg,All OCR texts are empty. Rejected raw OCR: 837H05687
D:\dhtx\xulyanh\dhtx-xulyanh1\input\f-1742773819724-768420559.jpg,ocr_empty,,,0.781,"[360, 416, 428, 442]",D:\dhtx\xulyanh\dhtx-xulyanh1\input-not-detect-2\f-1742773819724-768420559.jpg,All OCR texts are empty.
D:\dhtx\xulyanh\dhtx-xulyanh1\input\f-1742776298495-190049892.jpg,ok,15T-2774,,0.918,"[830, 2318, 1358, 2612]",,At least one OCR text has a valid Vietnamese plate format.
D:\dhtx\xulyanh\dhtx-xulyanh1\input\f-1742777045469-367525646.jpg,ok,29D-4832,,0.841,"[780, 2305, 1510, 2517]",,At least one OCR text has a valid Vietnamese plate format.
D:\dhtx\xulyanh\dhtx-xulyanh1\input\f-1742777592245-297475115.jpeg,ok,37H-07061,,0.899,"[131, 351, 210, 392]",,At least one OCR text has a valid Vietnamese plate format.
D:\dhtx\xulyanh\dhtx-xulyanh1\input\f-1742778239006-973965950.jpg,ok,37HT-05520,,0.885,"[868, 3028, 1430, 3340]",,At least one OCR text has a valid Vietnamese plate format.
D:\dhtx\xulyanh\dhtx-xulyanh1\input\f-1742778313802-323373933.jpg,ocr_empty,,710,0.436,"[485, 2249, 1498, 2538]",D:\dhtx\xulyanh\dhtx-xulyanh1\input-not-detect-2\f-1742778313802-323373933.jpg,All OCR texts are empty. Rejected raw OCR: 710
D:\dhtx\xulyanh\dhtx-xulyanh1\input\f-1742780980149-952491414.jpg,ok,37H-02621,,0.979,"[386, 1048, 1143, 1396]",,At least one OCR text has a valid Vietnamese plate format.
D:\dhtx\xulyanh\dhtx-xulyanh1\input\f-1742781532341-463707665.jpeg,ok,20C-06184,,0.805,"[125, 367, 216, 393]",,At least one OCR text has a valid Vietnamese plate format.
D:\dhtx\xulyanh\dhtx-xulyanh1\input\f-1742782021131-57513016.jpeg,ok,35H-02196,,0.935,"[111, 346, 224, 400]",,At least one OCR text has a valid Vietnamese plate format.
D:\dhtx\xulyanh\dhtx-xulyanh1\input\f-1742783585463-255321033.jpg,ok,37M-03949,,0.900,"[827, 2334, 1448, 2701]",,At least one OCR text has a valid Vietnamese plate format.
D:\dhtx\xulyanh\dhtx-xulyanh1\input\f-1742784720239-78809618.jpg,ok,37MH-05999,,0.943,"[833, 2343, 1631, 2757]",,At least one OCR text has a valid Vietnamese plate format.
D:\dhtx\xulyanh\dhtx-xulyanh1\input\f-1742785708342-197001438.jpeg,ok,29H-71613,,0.831,"[135, 351, 204, 390]",,At least one OCR text has a valid Vietnamese plate format.
D:\dhtx\xulyanh\dhtx-xulyanh1\input\f-1742786010124-173228640.jpg,ok,37H-04555,,0.958,"[402, 1124, 957, 1429]",,At least one OCR text has a valid Vietnamese plate format.
D:\dhtx\xulyanh\dhtx-xulyanh1\input\f-1742786231262-124142512.jpeg,ocr_empty,,37Z-01787,0.913,"[56, 281, 269, 339]",D:\dhtx\xulyanh\dhtx-xulyanh1\input-not-detect-2\f-1742786231262-124142512.jpeg,All OCR texts are empty. Rejected raw OCR: 37Z-01787
D:\dhtx\xulyanh\dhtx-xulyanh1\input\f-1742788235154-374191033.jpg,ok,37H-02657,,0.859,"[820, 2303, 1375, 2587]",,At least one OCR text has a valid Vietnamese plate format.
D:\dhtx\xulyanh\dhtx-xulyanh1\input\f-1742793958763-938770746.jpg,ok,37H-04555,,0.980,"[175, 1357, 1166, 1837]",,At least one OCR text has a valid Vietnamese plate format.
D:\dhtx\xulyanh\dhtx-xulyanh1\input\f-1742795424865-235773832.jpeg,ok,37A-88756,,0.850,"[78, 374, 237, 416]",,At least one OCR text has a valid Vietnamese plate format.
D:\dhtx\xulyanh\dhtx-xulyanh1\input\f-1742796155630-169762846.jpeg,ok,37H-05932,,0.915,"[107, 358, 218, 410]",,At least one OCR text has a valid Vietnamese plate format.
D:\dhtx\xulyanh\dhtx-xulyanh1\input\f-1742799325304-256450026.jpeg,ok,37C-13269,,0.924,"[107, 362, 228, 396]",,At least one OCR text has a valid Vietnamese plate format.
D:\dhtx\xulyanh\dhtx-xulyanh1\input\f-1742800897257-439360781.jpg,ok,37C-7650,,0.865,"[693, 2303, 1451, 2500]",,At least one OCR text has a valid Vietnamese plate format.
D:\dhtx\xulyanh\dhtx-xulyanh1\input\f-1742801200305-304217112.jpg,ok,89HT-01439,,0.926,"[874, 2537, 1401, 2837]",,At least one OCR text has a valid Vietnamese plate format.
D:\dhtx\xulyanh\dhtx-xulyanh1\input\f-1742801532860-699795293.jpg,ok,20C-06184,,0.937,"[700, 2373, 1367, 2549]",,At least one OCR text has a valid Vietnamese plate format.
D:\dhtx\xulyanh\dhtx-xulyanh1\input\f-1742801732394-483566413.jpg,ok,99C-21518,,0.933,"[202, 669, 408, 788]",,At least one OCR text has a valid Vietnamese plate format.
D:\dhtx\xulyanh\dhtx-xulyanh1\input\f-1742803970863-979869261.jpg,ok,37FE-00361,,0.873,"[990, 2310, 1457, 2571]",,At least one OCR text has a valid Vietnamese plate format.
D:\dhtx\xulyanh\dhtx-xulyanh1\input\f-1742806220693-392057524.jpg,ocr_empty,,370177,0.916,"[658, 2276, 1488, 2534]",D:\dhtx\xulyanh\dhtx-xulyanh1\input-not-detect-2\f-1742806220693-392057524.jpg,All OCR texts are empty. Rejected raw OCR: 370177
D:\dhtx\xulyanh\dhtx-xulyanh1\input\f-1742808429697-722889223.jpeg,ok,37H-04972,,0.921,"[129, 361, 203, 401]",,At least one OCR text has a valid Vietnamese plate format.
D:\dhtx\xulyanh\dhtx-xulyanh1\input\f-1742809144913-638743702.jpg,ocr_empty,,MB,0.552,"[1273, 3252, 1640, 3432]",D:\dhtx\xulyanh\dhtx-xulyanh1\input-not-detect-2\f-1742809144913-638743702.jpg,All OCR texts are empty. Rejected raw OCR: MB
D:\dhtx\xulyanh\dhtx-xulyanh1\input\f-1742816943794-58066082.jpg,ok,43AC-31893 | , | 31,0.923 | 0.843,"[424, 841, 532, 914] | [912, 642, 960, 729]",,At least one OCR text has a valid Vietnamese plate format.
D:\dhtx\xulyanh\dhtx-xulyanh1\input\f-1742817138446-833867391.jpg,no_plate_detected,,,,,D:\dhtx\xulyanh\dhtx-xulyanh1\input-not-detect-2\f-1742817138446-833867391.jpg,Pipeline returned no plate result.
D:\dhtx\xulyanh\dhtx-xulyanh1\input\f-1742817460735-748299167.jpeg,ok,20C-06296,,0.955,"[114, 362, 231, 427]",,At least one OCR text has a valid Vietnamese plate format.
D:\dhtx\xulyanh\dhtx-xulyanh1\input\f-1742817889309-294152098.jpg,no_plate_detected,,,,,D:\dhtx\xulyanh\dhtx-xulyanh1\input-not-detect-2\f-1742817889309-294152098.jpg,Pipeline returned no plate result.
D:\dhtx\xulyanh\dhtx-xulyanh1\input\f-1742820181533-881496584.jpeg,ok,37H-01883,,0.968,"[103, 353, 213, 410]",,At least one OCR text has a valid Vietnamese plate format.
D:\dhtx\xulyanh\dhtx-xulyanh1\input\f-1742822359523-517696669.jpeg,ok,29DD-04088,,0.481,"[48, 351, 282, 406]",,At least one OCR text has a valid Vietnamese plate format.
D:\dhtx\xulyanh\dhtx-xulyanh1\input\test-can-canh-1.jpg,ocr_empty,,MMSG3409180,0.877,"[342, 374, 649, 446]",D:\dhtx\xulyanh\dhtx-xulyanh1\input-not-detect-2\test-can-canh-1.jpg,All OCR texts are empty. Rejected raw OCR: MMSG3409180
D:\dhtx\xulyanh\dhtx-xulyanh1\input\test11.jpg,ocr_empty,,4MB29K02365,0.861,"[120, 290, 210, 316]",D:\dhtx\xulyanh\dhtx-xulyanh1\input-not-detect-2\test11.jpg,All OCR texts are empty. Rejected raw OCR: 4MB29K02365
D:\dhtx\xulyanh\dhtx-xulyanh1\input\test14.jpg,ok,29H-56837,,0.870,"[119, 260, 214, 310]",,At least one OCR text has a valid Vietnamese plate format.
D:\dhtx\xulyanh\dhtx-xulyanh1\input\test2.jpg,ocr_empty,,MMSG3409180,0.877,"[342, 374, 649, 446]",D:\dhtx\xulyanh\dhtx-xulyanh1\input-not-detect-2\test2.jpg,All OCR texts are empty. Rejected raw OCR: MMSG3409180
D:\dhtx\xulyanh\dhtx-xulyanh1\input\test21.jpg,ocr_empty,,24S9K402006,0.818,"[110, 285, 225, 318]",D:\dhtx\xulyanh\dhtx-xulyanh1\input-not-detect-2\test21.jpg,All OCR texts are empty. Rejected raw OCR: 24S9K402006
D:\dhtx\xulyanh\dhtx-xulyanh1\input\test22.jpg,ocr_empty,,204385,0.892,"[108, 278, 239, 314]",D:\dhtx\xulyanh\dhtx-xulyanh1\input-not-detect-2\test22.jpg,All OCR texts are empty. Rejected raw OCR: 204385
D:\dhtx\xulyanh\dhtx-xulyanh1\input\test23.jpg,ok,29D-4135,,0.884,"[102, 280, 230, 317]",,At least one OCR text has a valid Vietnamese plate format.
D:\dhtx\xulyanh\dhtx-xulyanh1\input\test24.jpg,ok,29HC-00542,,0.514,"[143, 286, 197, 319]",,At least one OCR text has a valid Vietnamese plate format.
D:\dhtx\xulyanh\dhtx-xulyanh1\input\test25.jpg,ok,89C-28604,,0.857,"[140, 284, 198, 320]",,At least one OCR text has a valid Vietnamese plate format.
D:\dhtx\xulyanh\dhtx-xulyanh1\input\test3.jpg,ok,37A-55555,,0.609,"[393, 303, 529, 435]",,At least one OCR text has a valid Vietnamese plate format.
D:\dhtx\xulyanh\dhtx-xulyanh1\input\test6.jpg,ok,80NN-167.76 | , | ,0.884 | 0.320,"[651, 181, 951, 380] | [476, 55, 845, 166]",,At least one OCR text has a valid Vietnamese plate format.
